county_fips,county_name,state_id,Date,,,,,,,,
1001,Autauga,AL,17,,,,,,,,
1003,Baldwin,AL,17,,,,,,,,
1005,Barbour,AL,17,,,,,,,,
1007,Bibb,AL,17,,,,,,,,
1009,Blount,AL,17,,,,,,,,
1011,Bullock,AL,17,,,,,,,,
1013,Butler,AL,17,,,,,,,,
1015,Calhoun,AL,17,,,,,,,,
1017,Chambers,AL,17,,,,,,,,
1019,Cherokee,AL,17,,,,,,,,
1021,Chilton,AL,17,,,,,,,,
1023,Choctaw,AL,17,,,,,,,,
1025,Clarke,AL,17,,,,,,,,
1027,Clay,AL,17,,,,,,,,
1029,Cleburne,AL,17,,,,,,,,
1031,Coffee,AL,17,,,,,,,,
1033,Colbert,AL,17,,,,,,,,
1035,Conecuh,AL,17,,,,,,,,
1037,Coosa,AL,17,,,,,,,,
1039,Covington,AL,17,,,,,,,,
1041,Crenshaw,AL,17,,,,,,,,
1043,Cullman,AL,17,,,,,,,,
1045,Dale,AL,17,,,,,,,,
1047,Dallas,AL,17,,,,,,,,
1049,DeKalb,AL,17,,,,,,,,
1051,Elmore,AL,17,,,,,,,,
1053,Escambia,AL,17,,,,,,,,
1055,Etowah,AL,17,,,,,,,,
1057,Fayette,AL,17,,,,,,,,
1059,Franklin,AL,17,,,,,,,,
1061,Geneva,AL,17,,,,,,,,
1063,Greene,AL,17,,,,,,,,
1065,Hale,AL,17,,,,,,,,
1067,Henry,AL,17,,,,,,,,
1069,Houston,AL,17,,,,,,,,
1071,Jackson,AL,17,,,,,,,,
1073,Jefferson,AL,17,,,,,,,,
1075,Lamar,AL,17,,,,,,,,
1077,Lauderdale,AL,17,,,,,,,,
1079,Lawrence,AL,17,,,,,,,,
1081,Lee,AL,17,,,,,,,,
1083,Limestone,AL,17,,,,,,,,
1085,Lowndes,AL,17,,,,,,,,
1087,Macon,AL,17,,,,,,,,
1089,Madison,AL,17,,,,,,,,
1091,Marengo,AL,17,,,,,,,,
1093,Marion,AL,17,,,,,,,,
1095,Marshall,AL,17,,,,,,,,
1097,Mobile,AL,17,,,,,,,,
1099,Monroe,AL,17,,,,,,,,
1101,Montgomery,AL,17,,,,,,,,
1103,Morgan,AL,17,,,,,,,,
1105,Perry,AL,17,,,,,,,,
1107,Pickens,AL,17,,,,,,,,
1109,Pike,AL,17,,,,,,,,
1111,Randolph,AL,17,,,,,,,,
1113,Russell,AL,17,,,,,,,,
1115,St. Clair,AL,17,,,,,,,,
1117,Shelby,AL,17,,,,,,,,
1119,Sumter,AL,17,,,,,,,,
1121,Talladega,AL,17,,,,,,,,
1123,Tallapoosa,AL,17,,,,,,,,
1125,Tuscaloosa,AL,17,,,,,,,,
1127,Walker,AL,17,,,,,,,,
1129,Washington,AL,17,,,,,,,,
1131,Wilcox,AL,17,,,,,,,,
1133,Winston,AL,17,,,,,,,,
4001,Apache,AZ,13,,,,,,,,
4003,Cochise,AZ,13,,,,,,,,
4005,Coconino,AZ,13,,,,,,,,
4007,Gila,AZ,13,,,,,,,,
4009,Graham,AZ,13,,,,,,,,
4011,Greenlee,AZ,13,,,,,,,,
4012,La Paz,AZ,13,,,,,,,,
4013,Maricopa,AZ,13,,,,,,,,
4015,Mohave,AZ,13,,,,,,,,
4017,Navajo,AZ,13,,,,,,,,
4019,Pima,AZ,13,,,,,,,,
4021,Pinal,AZ,13,,,,,,,,
4023,Santa Cruz,AZ,13,,,,,,,,
4025,Yavapai,AZ,13,,,,,,,,
4027,Yuma,AZ,13,,,,,,,,
5001,Arkansas,AR,25,,,,,,,,
5003,Ashley,AR,25,,,,,,,,
5005,Baxter,AR,25,,,,,,,,
5007,Benton,AR,25,,,,,,,,
5009,Boone,AR,25,,,,,,,,
5011,Bradley,AR,25,,,,,,,,
5013,Calhoun,AR,25,,,,,,,,
5015,Carroll,AR,25,,,,,,,,
5017,Chicot,AR,25,,,,,,,,
5019,Clark,AR,25,,,,,,,,
5021,Clay,AR,25,,,,,,,,
5023,Cleburne,AR,25,,,,,,,,
5025,Cleveland,AR,25,,,,,,,,
5027,Columbia,AR,25,,,,,,,,
5029,Conway,AR,25,,,,,,,,
5031,Craighead,AR,25,,,,,,,,
5033,Crawford,AR,25,,,,,,,,
5035,Crittenden,AR,25,,,,,,,,
5037,Cross,AR,25,,,,,,,,
5039,Dallas,AR,25,,,,,,,,
5041,Desha,AR,25,,,,,,,,
5043,Drew,AR,25,,,,,,,,
5045,Faulkner,AR,25,,,,,,,,
5047,Franklin,AR,25,,,,,,,,
5049,Fulton,AR,25,,,,,,,,
5051,Garland,AR,25,,,,,,,,
5053,Grant,AR,25,,,,,,,,
5055,Greene,AR,25,,,,,,,,
5057,Hempstead,AR,25,,,,,,,,
5059,Hot Spring,AR,25,,,,,,,,
5061,Howard,AR,25,,,,,,,,
5063,Independence,AR,25,,,,,,,,
5065,Izard,AR,25,,,,,,,,
5067,Jackson,AR,25,,,,,,,,
5069,Jefferson,AR,25,,,,,,,,
5071,Johnson,AR,25,,,,,,,,
5073,Lafayette,AR,25,,,,,,,,
5075,Lawrence,AR,25,,,,,,,,
5077,Lee,AR,25,,,,,,,,
5079,Lincoln,AR,25,,,,,,,,
5081,Little River,AR,25,,,,,,,,
5083,Logan,AR,25,,,,,,,,
5085,Lonoke,AR,25,,,,,,,,
5087,Madison,AR,25,,,,,,,,
5089,Marion,AR,25,,,,,,,,
5091,Miller,AR,25,,,,,,,,
5093,Mississippi,AR,25,,,,,,,,
5095,Monroe,AR,25,,,,,,,,
5097,Montgomery,AR,25,,,,,,,,
5099,Nevada,AR,25,,,,,,,,
5101,Newton,AR,25,,,,,,,,
5103,Ouachita,AR,25,,,,,,,,
5105,Perry,AR,25,,,,,,,,
5107,Phillips,AR,25,,,,,,,,
5109,Pike,AR,25,,,,,,,,
5111,Poinsett,AR,25,,,,,,,,
5113,Polk,AR,25,,,,,,,,
5115,Pope,AR,25,,,,,,,,
5117,Prairie,AR,25,,,,,,,,
5119,Pulaski,AR,25,,,,,,,,
5121,Randolph,AR,25,,,,,,,,
5123,St. Francis,AR,25,,,,,,,,
5125,Saline,AR,25,,,,,,,,
5127,Scott,AR,25,,,,,,,,
5129,Searcy,AR,25,,,,,,,,
5131,Sebastian,AR,25,,,,,,,,
5133,Sevier,AR,25,,,,,,,,
5135,Sharp,AR,25,,,,,,,,
5137,Stone,AR,25,,,,,,,,
5139,Union,AR,25,,,,,,,,
5141,Van Buren,AR,25,,,,,,,,
5143,Washington,AR,25,,,,,,,,
5145,White,AR,25,,,,,,,,
5147,Woodruff,AR,25,,,,,,,,
5149,Yell,AR,25,,,,,,,,
6001,Alameda,CA,1,,,,,,,,
6003,Alpine,CA,1,,,,,,,,
6005,Amador,CA,1,,,,,,,,
6007,Butte,CA,1,,,,,,,,
6009,Calaveras,CA,1,,,,,,,,
6011,Colusa,CA,1,,,,,,,,
6013,Contra Costa,CA,1,,,,,,,,
6015,Del Norte,CA,1,,,,,,,,
6017,El Dorado,CA,1,,,,,,,,
6019,Fresno,CA,1,,,,,,,,
6021,Glenn,CA,1,,,,,,,,
6023,Humboldt,CA,1,,,,,,,,
6025,Imperial,CA,1,,,,,,,,
6027,Inyo,CA,1,,,,,,,,
6029,Kern,CA,1,,,,,,,,
6031,Kings,CA,1,,,,,,,,
6033,Lake,CA,1,,,,,,,,
6035,Lassen,CA,1,,,,,,,,
6037,Los Angeles,CA,1,,,,,,,,
6039,Madera,CA,1,,,,,,,,
6041,Marin,CA,1,,,,,,,,
6043,Mariposa,CA,1,,,,,,,,
6045,Mendocino,CA,1,,,,,,,,
6047,Merced,CA,1,,,,,,,,
6049,Modoc,CA,1,,,,,,,,
6051,Mono,CA,1,,,,,,,,
6053,Monterey,CA,1,,,,,,,,
6055,Napa,CA,1,,,,,,,,
6057,Nevada,CA,1,,,,,,,,
6059,Orange,CA,1,,,,,,,,
6061,Placer,CA,1,,,,,,,,
6063,Plumas,CA,1,,,,,,,,
6065,Riverside,CA,1,,,,,,,,
6067,Sacramento,CA,1,,,,,,,,
6069,San Benito,CA,1,,,,,,,,
6071,San Bernardino,CA,1,,,,,,,,
6073,San Diego,CA,1,,,,,,,,
6075,San Francisco,CA,1,,,,,,,,
6077,San Joaquin,CA,1,,,,,,,,
6079,San Luis Obispo,CA,1,,,,,,,,
6081,San Mateo,CA,1,,,,,,,,
6083,Santa Barbara,CA,1,,,,,,,,
6085,Santa Clara,CA,1,,,,,,,,
6087,Santa Cruz,CA,1,,,,,,,,
6089,Shasta,CA,1,,,,,,,,
6091,Sierra,CA,1,,,,,,,,
6093,Siskiyou,CA,1,,,,,,,,
6095,Solano,CA,1,,,,,,,,
6097,Sonoma,CA,1,,,,,,,,
6099,Stanislaus,CA,1,,,,,,,,
6101,Sutter,CA,1,,,,,,,,
6103,Tehama,CA,1,,,,,,,,
6105,Trinity,CA,1,,,,,,,,
6107,Tulare,CA,1,,,,,,,,
6109,Tuolumne,CA,1,,,,,,,,
6111,Ventura,CA,1,,,,,,,,
6113,Yolo,CA,1,,,,,,,,
6115,Yuba,CA,1,,,,,,,,
8001,Adams,CO,8,,,,,,,,
8003,Alamosa,CO,8,,,,,,,,
8005,Arapahoe,CO,8,,,,,,,,
8007,Archuleta,CO,8,,,,,,,,
8009,Baca,CO,8,,,,,,,,
8011,Bent,CO,8,,,,,,,,
8013,Boulder,CO,8,,,,,,,,
8014,Broomfield,CO,8,,,,,,,,
8015,Chaffee,CO,8,,,,,,,,
8017,Cheyenne,CO,8,,,,,,,,
8019,Clear Creek,CO,8,,,,,,,,
8021,Conejos,CO,8,,,,,,,,
8023,Costilla,CO,8,,,,,,,,
8025,Crowley,CO,8,,,,,,,,
8027,Custer,CO,8,,,,,,,,
8029,Delta,CO,8,,,,,,,,
8031,Denver,CO,8,,,,,,,,
8033,Dolores,CO,8,,,,,,,,
8035,Douglas,CO,8,,,,,,,,
8037,Eagle,CO,8,,,,,,,,
8039,Elbert,CO,8,,,,,,,,
8041,El Paso,CO,8,,,,,,,,
8043,Fremont,CO,8,,,,,,,,
8045,Garfield,CO,8,,,,,,,,
8047,Gilpin,CO,8,,,,,,,,
8049,Grand,CO,8,,,,,,,,
8051,Gunnison,CO,8,,,,,,,,
8053,Hinsdale,CO,8,,,,,,,,
8055,Huerfano,CO,8,,,,,,,,
8057,Jackson,CO,8,,,,,,,,
8059,Jefferson,CO,8,,,,,,,,
8061,Kiowa,CO,8,,,,,,,,
8063,Kit Carson,CO,8,,,,,,,,
8065,Lake,CO,8,,,,,,,,
8067,La Plata,CO,8,,,,,,,,
8069,Larimer,CO,8,,,,,,,,
8071,Las Animas,CO,8,,,,,,,,
8073,Lincoln,CO,8,,,,,,,,
8075,Logan,CO,8,,,,,,,,
8077,Mesa,CO,8,,,,,,,,
8079,Mineral,CO,8,,,,,,,,
8081,Moffat,CO,8,,,,,,,,
8083,Montezuma,CO,8,,,,,,,,
8085,Montrose,CO,8,,,,,,,,
8087,Morgan,CO,8,,,,,,,,
8089,Otero,CO,8,,,,,,,,
8091,Ouray,CO,8,,,,,,,,
8093,Park,CO,8,,,,,,,,
8095,Phillips,CO,8,,,,,,,,
8097,Pitkin,CO,8,,,,,,,,
8099,Prowers,CO,8,,,,,,,,
8101,Pueblo,CO,8,,,,,,,,
8103,Rio Blanco,CO,8,,,,,,,,
8105,Rio Grande,CO,8,,,,,,,,
8107,Routt,CO,8,,,,,,,,
8109,Saguache,CO,8,,,,,,,,
8111,San Juan,CO,8,,,,,,,,
8113,San Miguel,CO,8,,,,,,,,
8115,Sedgwick,CO,8,,,,,,,,
8117,Summit,CO,8,,,,,,,,
8119,Teller,CO,8,,,,,,,,
8121,Washington,CO,8,,,,,,,,
8123,Weld,CO,8,,,,,,,,
8125,Yuma,CO,8,,,,,,,,
9001,Fairfield,CT,5,,,,,,,,
9003,Hartford,CT,5,,,,,,,,
9005,Litchfield,CT,5,,,,,,,,
9007,Middlesex,CT,5,,,,,,,,
9009,New Haven,CT,5,,,,,,,,
9011,New London,CT,5,,,,,,,,
9013,Tolland,CT,5,,,,,,,,
9015,Windham,CT,5,,,,,,,,
10001,Kent,DE,6,,,,,,,,
10003,New Castle,DE,6,,,,,,,,
10005,Sussex,DE,6,,,,,,,,
11001,District of Columbia,DC,14,,,,,,,,
12001,Alachua,FL,16,,,,,,,,
12003,Baker,FL,16,,,,,,,,
12005,Bay,FL,16,,,,,,,,
12007,Bradford,FL,16,,,,,,,,
12009,Brevard,FL,16,,,,,,,,
12011,Broward,FL,16,,,,,,,,
12013,Calhoun,FL,16,,,,,,,,
12015,Charlotte,FL,16,,,,,,,,
12017,Citrus,FL,16,,,,,,,,
12019,Clay,FL,16,,,,,,,,
12021,Collier,FL,16,,,,,,,,
12023,Columbia,FL,16,,,,,,,,
12027,DeSoto,FL,16,,,,,,,,
12029,Dixie,FL,16,,,,,,,,
12031,Duval,FL,16,,,,,,,,
12033,Escambia,FL,16,,,,,,,,
12035,Flagler,FL,16,,,,,,,,
12037,Franklin,FL,16,,,,,,,,
12039,Gadsden,FL,16,,,,,,,,
12041,Gilchrist,FL,16,,,,,,,,
12043,Glades,FL,16,,,,,,,,
12045,Gulf,FL,16,,,,,,,,
12047,Hamilton,FL,16,,,,,,,,
12049,Hardee,FL,16,,,,,,,,
12051,Hendry,FL,16,,,,,,,,
12053,Hernando,FL,16,,,,,,,,
12055,Highlands,FL,16,,,,,,,,
12057,Hillsborough,FL,16,,,,,,,,
12059,Holmes,FL,16,,,,,,,,
12061,Indian River,FL,16,,,,,,,,
12063,Jackson,FL,16,,,,,,,,
12065,Jefferson,FL,16,,,,,,,,
12067,Lafayette,FL,16,,,,,,,,
12069,Lake,FL,16,,,,,,,,
12071,Lee,FL,16,,,,,,,,
12073,Leon,FL,16,,,,,,,,
12075,Levy,FL,16,,,,,,,,
12077,Liberty,FL,16,,,,,,,,
12079,Madison,FL,16,,,,,,,,
12081,Manatee,FL,16,,,,,,,,
12083,Marion,FL,16,,,,,,,,
12085,Martin,FL,16,,,,,,,,
12086,Miami-Dade,FL,16,,,,,,,,
12087,Monroe,FL,16,,,,,,,,
12089,Nassau,FL,16,,,,,,,,
12091,Okaloosa,FL,16,,,,,,,,
12093,Okeechobee,FL,16,,,,,,,,
12095,Orange,FL,16,,,,,,,,
12097,Osceola,FL,16,,,,,,,,
12099,Palm Beach,FL,16,,,,,,,,
12101,Pasco,FL,16,,,,,,,,
12103,Pinellas,FL,16,,,,,,,,
12105,Polk,FL,16,,,,,,,,
12107,Putnam,FL,16,,,,,,,,
12109,St. Johns,FL,16,,,,,,,,
12111,St. Lucie,FL,16,,,,,,,,
12113,Santa Rosa,FL,16,,,,,,,,
12115,Sarasota,FL,16,,,,,,,,
12117,Seminole,FL,16,,,,,,,,
12119,Sumter,FL,16,,,,,,,,
12121,Suwannee,FL,16,,,,,,,,
12123,Taylor,FL,16,,,,,,,,
12125,Union,FL,16,,,,,,,,
12127,Volusia,FL,16,,,,,,,,
12129,Wakulla,FL,16,,,,,,,,
12131,Walton,FL,16,,,,,,,,
12133,Washington,FL,16,,,,,,,,
13001,Appling,GA,16,,,,,,,,
13003,Atkinson,GA,16,,,,,,,,
13005,Bacon,GA,16,,,,,,,,
13007,Baker,GA,16,,,,,,,,
13009,Baldwin,GA,16,,,,,,,,
13011,Banks,GA,16,,,,,,,,
13013,Barrow,GA,16,,,,,,,,
13015,Bartow,GA,16,,,,,,,,
13017,Ben Hill,GA,16,,,,,,,,
13019,Berrien,GA,16,,,,,,,,
13021,Bibb,GA,16,,,,,,,,
13023,Bleckley,GA,16,,,,,,,,
13025,Brantley,GA,16,,,,,,,,
13027,Brooks,GA,16,,,,,,,,
13029,Bryan,GA,16,,,,,,,,
13031,Bulloch,GA,16,,,,,,,,
13033,Burke,GA,16,,,,,,,,
13035,Butts,GA,16,,,,,,,,
13037,Calhoun,GA,16,,,,,,,,
13039,Camden,GA,16,,,,,,,,
13043,Candler,GA,16,,,,,,,,
13045,Carroll,GA,16,,,,,,,,
13047,Catoosa,GA,16,,,,,,,,
13049,Charlton,GA,16,,,,,,,,
13051,Chatham,GA,16,,,,,,,,
13053,Chattahoochee,GA,16,,,,,,,,
13055,Chattooga,GA,16,,,,,,,,
13057,Cherokee,GA,16,,,,,,,,
13059,Clarke,GA,16,,,,,,,,
13061,Clay,GA,16,,,,,,,,
13063,Clayton,GA,16,,,,,,,,
13065,Clinch,GA,16,,,,,,,,
13067,Cobb,GA,16,,,,,,,,
13069,Coffee,GA,16,,,,,,,,
13071,Colquitt,GA,16,,,,,,,,
13073,Columbia,GA,16,,,,,,,,
13075,Cook,GA,16,,,,,,,,
13077,Coweta,GA,16,,,,,,,,
13079,Crawford,GA,16,,,,,,,,
13081,Crisp,GA,16,,,,,,,,
13083,Dade,GA,16,,,,,,,,
13085,Dawson,GA,16,,,,,,,,
13087,Decatur,GA,16,,,,,,,,
13089,DeKalb,GA,16,,,,,,,,
13091,Dodge,GA,16,,,,,,,,
13093,Dooly,GA,16,,,,,,,,
13095,Dougherty,GA,16,,,,,,,,
13097,Douglas,GA,16,,,,,,,,
13099,Early,GA,16,,,,,,,,
13101,Echols,GA,16,,,,,,,,
13103,Effingham,GA,16,,,,,,,,
13105,Elbert,GA,16,,,,,,,,
13107,Emanuel,GA,16,,,,,,,,
13109,Evans,GA,16,,,,,,,,
13111,Fannin,GA,16,,,,,,,,
13113,Fayette,GA,16,,,,,,,,
13115,Floyd,GA,16,,,,,,,,
13117,Forsyth,GA,16,,,,,,,,
13119,Franklin,GA,16,,,,,,,,
13121,Fulton,GA,16,,,,,,,,
13123,Gilmer,GA,16,,,,,,,,
13125,Glascock,GA,16,,,,,,,,
13127,Glynn,GA,16,,,,,,,,
13129,Gordon,GA,16,,,,,,,,
13131,Grady,GA,16,,,,,,,,
13133,Greene,GA,16,,,,,,,,
13135,Gwinnett,GA,16,,,,,,,,
13137,Habersham,GA,16,,,,,,,,
13139,Hall,GA,16,,,,,,,,
13141,Hancock,GA,16,,,,,,,,
13143,Haralson,GA,16,,,,,,,,
13145,Harris,GA,16,,,,,,,,
13147,Hart,GA,16,,,,,,,,
13149,Heard,GA,16,,,,,,,,
13151,Henry,GA,16,,,,,,,,
13153,Houston,GA,16,,,,,,,,
13155,Irwin,GA,16,,,,,,,,
13157,Jackson,GA,16,,,,,,,,
13159,Jasper,GA,16,,,,,,,,
13161,Jeff Davis,GA,16,,,,,,,,
13163,Jefferson,GA,16,,,,,,,,
13165,Jenkins,GA,16,,,,,,,,
13167,Johnson,GA,16,,,,,,,,
13169,Jones,GA,16,,,,,,,,
13171,Lamar,GA,16,,,,,,,,
13173,Lanier,GA,16,,,,,,,,
13175,Laurens,GA,16,,,,,,,,
13177,Lee,GA,16,,,,,,,,
13179,Liberty,GA,16,,,,,,,,
13181,Lincoln,GA,16,,,,,,,,
13183,Long,GA,16,,,,,,,,
13185,Lowndes,GA,16,,,,,,,,
13187,Lumpkin,GA,16,,,,,,,,
13189,McDuffie,GA,16,,,,,,,,
13191,McIntosh,GA,16,,,,,,,,
13193,Macon,GA,16,,,,,,,,
13195,Madison,GA,16,,,,,,,,
13197,Marion,GA,16,,,,,,,,
13199,Meriwether,GA,16,,,,,,,,
13201,Miller,GA,16,,,,,,,,
13205,Mitchell,GA,16,,,,,,,,
13207,Monroe,GA,16,,,,,,,,
13209,Montgomery,GA,16,,,,,,,,
13211,Morgan,GA,16,,,,,,,,
13213,Murray,GA,16,,,,,,,,
13215,Muscogee,GA,16,,,,,,,,
13217,Newton,GA,16,,,,,,,,
13219,Oconee,GA,16,,,,,,,,
13221,Oglethorpe,GA,16,,,,,,,,
13223,Paulding,GA,16,,,,,,,,
13225,Peach,GA,16,,,,,,,,
13227,Pickens,GA,16,,,,,,,,
13229,Pierce,GA,16,,,,,,,,
13231,Pike,GA,16,,,,,,,,
13233,Polk,GA,16,,,,,,,,
13235,Pulaski,GA,16,,,,,,,,
13237,Putnam,GA,16,,,,,,,,
13239,Quitman,GA,16,,,,,,,,
13241,Rabun,GA,16,,,,,,,,
13243,Randolph,GA,16,,,,,,,,
13245,Richmond,GA,16,,,,,,,,
13247,Rockdale,GA,16,,,,,,,,
13249,Schley,GA,16,,,,,,,,
13251,Screven,GA,16,,,,,,,,
13253,Seminole,GA,16,,,,,,,,
13255,Spalding,GA,16,,,,,,,,
13257,Stephens,GA,16,,,,,,,,
13259,Stewart,GA,16,,,,,,,,
13261,Sumter,GA,16,,,,,,,,
13263,Talbot,GA,16,,,,,,,,
13265,Taliaferro,GA,16,,,,,,,,
13267,Tattnall,GA,16,,,,,,,,
13269,Taylor,GA,16,,,,,,,,
13271,Telfair,GA,16,,,,,,,,
13273,Terrell,GA,16,,,,,,,,
13275,Thomas,GA,16,,,,,,,,
13277,Tift,GA,16,,,,,,,,
13279,Toombs,GA,16,,,,,,,,
13281,Towns,GA,16,,,,,,,,
13283,Treutlen,GA,16,,,,,,,,
13285,Troup,GA,16,,,,,,,,
13287,Turner,GA,16,,,,,,,,
13289,Twiggs,GA,16,,,,,,,,
13291,Union,GA,16,,,,,,,,
13293,Upson,GA,16,,,,,,,,
13295,Walker,GA,16,,,,,,,,
13297,Walton,GA,16,,,,,,,,
13299,Ware,GA,16,,,,,,,,
13301,Warren,GA,16,,,,,,,,
13303,Washington,GA,16,,,,,,,,
13305,Wayne,GA,16,,,,,,,,
13307,Webster,GA,16,,,,,,,,
13309,Wheeler,GA,16,,,,,,,,
13311,White,GA,16,,,,,,,,
13313,Whitfield,GA,16,,,,,,,,
13315,Wilcox,GA,16,,,,,,,,
13317,Wilkes,GA,16,,,,,,,,
13319,Wilkinson,GA,16,,,,,,,,
13321,Worth,GA,16,,,,,,,,
16001,Ada,ID,7,,,,,,,,
16003,Adams,ID,7,,,,,,,,
16005,Bannock,ID,7,,,,,,,,
16007,Bear Lake,ID,7,,,,,,,,
16009,Benewah,ID,7,,,,,,,,
16011,Bingham,ID,7,,,,,,,,
16013,Blaine,ID,7,,,,,,,,
16015,Boise,ID,7,,,,,,,,
16017,Bonner,ID,7,,,,,,,,
16019,Bonneville,ID,7,,,,,,,,
16021,Boundary,ID,7,,,,,,,,
16023,Butte,ID,7,,,,,,,,
16025,Camas,ID,7,,,,,,,,
16027,Canyon,ID,7,,,,,,,,
16029,Caribou,ID,7,,,,,,,,
16031,Cassia,ID,7,,,,,,,,
16033,Clark,ID,7,,,,,,,,
16035,Clearwater,ID,7,,,,,,,,
16037,Custer,ID,7,,,,,,,,
16039,Elmore,ID,7,,,,,,,,
16041,Franklin,ID,7,,,,,,,,
16043,Fremont,ID,7,,,,,,,,
16045,Gem,ID,7,,,,,,,,
16047,Gooding,ID,7,,,,,,,,
16049,Idaho,ID,7,,,,,,,,
16051,Jefferson,ID,7,,,,,,,,
16053,Jerome,ID,7,,,,,,,,
16055,Kootenai,ID,7,,,,,,,,
16057,Latah,ID,7,,,,,,,,
16059,Lemhi,ID,7,,,,,,,,
16061,Lewis,ID,7,,,,,,,,
16063,Lincoln,ID,7,,,,,,,,
16065,Madison,ID,7,,,,,,,,
16067,Minidoka,ID,7,,,,,,,,
16069,Nez Perce,ID,7,,,,,,,,
16071,Oneida,ID,7,,,,,,,,
16073,Owyhee,ID,7,,,,,,,,
16075,Payette,ID,7,,,,,,,,
16077,Power,ID,7,,,,,,,,
16079,Shoshone,ID,7,,,,,,,,
16081,Teton,ID,7,,,,,,,,
16083,Twin Falls,ID,7,,,,,,,,
16085,Valley,ID,7,,,,,,,,
16087,Washington,ID,7,,,,,,,,
17001,Adams,IL,3,,,,,,,,
17003,Alexander,IL,3,,,,,,,,
17005,Bond,IL,3,,,,,,,,
17007,Boone,IL,3,,,,,,,,
17009,Brown,IL,3,,,,,,,,
17011,Bureau,IL,3,,,,,,,,
17013,Calhoun,IL,3,,,,,,,,
17015,Carroll,IL,3,,,,,,,,
17017,Cass,IL,3,,,,,,,,
17019,Champaign,IL,3,,,,,,,,
17021,Christian,IL,3,,,,,,,,
17023,Clark,IL,3,,,,,,,,
17025,Clay,IL,3,,,,,,,,
17027,Clinton,IL,3,,,,,,,,
17029,Coles,IL,3,,,,,,,,
17031,Cook,IL,3,,,,,,,,
17033,Crawford,IL,3,,,,,,,,
17035,Cumberland,IL,3,,,,,,,,
17037,DeKalb,IL,3,,,,,,,,
17039,De Witt,IL,3,,,,,,,,
17041,Douglas,IL,3,,,,,,,,
17043,DuPage,IL,3,,,,,,,,
17045,Edgar,IL,3,,,,,,,,
17047,Edwards,IL,3,,,,,,,,
17049,Effingham,IL,3,,,,,,,,
17051,Fayette,IL,3,,,,,,,,
17053,Ford,IL,3,,,,,,,,
17055,Franklin,IL,3,,,,,,,,
17057,Fulton,IL,3,,,,,,,,
17059,Gallatin,IL,3,,,,,,,,
17061,Greene,IL,3,,,,,,,,
17063,Grundy,IL,3,,,,,,,,
17065,Hamilton,IL,3,,,,,,,,
17067,Hancock,IL,3,,,,,,,,
17069,Hardin,IL,3,,,,,,,,
17071,Henderson,IL,3,,,,,,,,
17073,Henry,IL,3,,,,,,,,
17075,Iroquois,IL,3,,,,,,,,
17077,Jackson,IL,3,,,,,,,,
17079,Jasper,IL,3,,,,,,,,
17081,Jefferson,IL,3,,,,,,,,
17083,Jersey,IL,3,,,,,,,,
17085,Jo Daviess,IL,3,,,,,,,,
17087,Johnson,IL,3,,,,,,,,
17089,Kane,IL,3,,,,,,,,
17091,Kankakee,IL,3,,,,,,,,
17093,Kendall,IL,3,,,,,,,,
17095,Knox,IL,3,,,,,,,,
17097,Lake,IL,3,,,,,,,,
17099,LaSalle,IL,3,,,,,,,,
17101,Lawrence,IL,3,,,,,,,,
17103,Lee,IL,3,,,,,,,,
17105,Livingston,IL,3,,,,,,,,
17107,Logan,IL,3,,,,,,,,
17109,McDonough,IL,3,,,,,,,,
17111,McHenry,IL,3,,,,,,,,
17113,McLean,IL,3,,,,,,,,
17115,Macon,IL,3,,,,,,,,
17117,Macoupin,IL,3,,,,,,,,
17119,Madison,IL,3,,,,,,,,
17121,Marion,IL,3,,,,,,,,
17123,Marshall,IL,3,,,,,,,,
17125,Mason,IL,3,,,,,,,,
17127,Massac,IL,3,,,,,,,,
17129,Menard,IL,3,,,,,,,,
17131,Mercer,IL,3,,,,,,,,
17133,Monroe,IL,3,,,,,,,,
17135,Montgomery,IL,3,,,,,,,,
17137,Morgan,IL,3,,,,,,,,
17139,Moultrie,IL,3,,,,,,,,
17141,Ogle,IL,3,,,,,,,,
17143,Peoria,IL,3,,,,,,,,
17145,Perry,IL,3,,,,,,,,
17147,Piatt,IL,3,,,,,,,,
17149,Pike,IL,3,,,,,,,,
17151,Pope,IL,3,,,,,,,,
17153,Pulaski,IL,3,,,,,,,,
17155,Putnam,IL,3,,,,,,,,
17157,Randolph,IL,3,,,,,,,,
17159,Richland,IL,3,,,,,,,,
17161,Rock Island,IL,3,,,,,,,,
17163,St. Clair,IL,3,,,,,,,,
17165,Saline,IL,3,,,,,,,,
17167,Sangamon,IL,3,,,,,,,,
17169,Schuyler,IL,3,,,,,,,,
17171,Scott,IL,3,,,,,,,,
17173,Shelby,IL,3,,,,,,,,
17175,Stark,IL,3,,,,,,,,
17177,Stephenson,IL,3,,,,,,,,
17179,Tazewell,IL,3,,,,,,,,
17181,Union,IL,3,,,,,,,,
17183,Vermilion,IL,3,,,,,,,,
17185,Wabash,IL,3,,,,,,,,
17187,Warren,IL,3,,,,,,,,
17189,Washington,IL,3,,,,,,,,
17191,Wayne,IL,3,,,,,,,,
17193,White,IL,3,,,,,,,,
17195,Whiteside,IL,3,,,,,,,,
17197,Will,IL,3,,,,,,,,
17199,Williamson,IL,3,,,,,,,,
17201,Winnebago,IL,3,,,,,,,,
17203,Woodford,IL,3,,,,,,,,
18001,Adams,IN,6,,,,,,,,
18003,Allen,IN,6,,,,,,,,
18005,Bartholomew,IN,6,,,,,,,,
18007,Benton,IN,6,,,,,,,,
18009,Blackford,IN,6,,,,,,,,
18011,Boone,IN,6,,,,,,,,
18013,Brown,IN,6,,,,,,,,
18015,Carroll,IN,6,,,,,,,,
18017,Cass,IN,6,,,,,,,,
18019,Clark,IN,6,,,,,,,,
18021,Clay,IN,6,,,,,,,,
18023,Clinton,IN,6,,,,,,,,
18025,Crawford,IN,6,,,,,,,,
18027,Daviess,IN,6,,,,,,,,
18029,Dearborn,IN,6,,,,,,,,
18031,Decatur,IN,6,,,,,,,,
18033,DeKalb,IN,6,,,,,,,,
18035,Delaware,IN,6,,,,,,,,
18037,Dubois,IN,6,,,,,,,,
18039,Elkhart,IN,6,,,,,,,,
18041,Fayette,IN,6,,,,,,,,
18043,Floyd,IN,6,,,,,,,,
18045,Fountain,IN,6,,,,,,,,
18047,Franklin,IN,6,,,,,,,,
18049,Fulton,IN,6,,,,,,,,
18051,Gibson,IN,6,,,,,,,,
18053,Grant,IN,6,,,,,,,,
18055,Greene,IN,6,,,,,,,,
18057,Hamilton,IN,6,,,,,,,,
18059,Hancock,IN,6,,,,,,,,
18061,Harrison,IN,6,,,,,,,,
18063,Hendricks,IN,6,,,,,,,,
18065,Henry,IN,6,,,,,,,,
18067,Howard,IN,6,,,,,,,,
18069,Huntington,IN,6,,,,,,,,
18071,Jackson,IN,6,,,,,,,,
18073,Jasper,IN,6,,,,,,,,
18075,Jay,IN,6,,,,,,,,
18077,Jefferson,IN,6,,,,,,,,
18079,Jennings,IN,6,,,,,,,,
18081,Johnson,IN,6,,,,,,,,
18083,Knox,IN,6,,,,,,,,
18085,Kosciusko,IN,6,,,,,,,,
18087,LaGrange,IN,6,,,,,,,,
18089,Lake,IN,6,,,,,,,,
18091,LaPorte,IN,6,,,,,,,,
18093,Lawrence,IN,6,,,,,,,,
18095,Madison,IN,6,,,,,,,,
18097,Marion,IN,6,,,,,,,,
18099,Marshall,IN,6,,,,,,,,
18101,Martin,IN,6,,,,,,,,
18103,Miami,IN,6,,,,,,,,
18105,Monroe,IN,6,,,,,,,,
18107,Montgomery,IN,6,,,,,,,,
18109,Morgan,IN,6,,,,,,,,
18111,Newton,IN,6,,,,,,,,
18113,Noble,IN,6,,,,,,,,
18115,Ohio,IN,6,,,,,,,,
18117,Orange,IN,6,,,,,,,,
18119,Owen,IN,6,,,,,,,,
18121,Parke,IN,6,,,,,,,,
18123,Perry,IN,6,,,,,,,,
18125,Pike,IN,6,,,,,,,,
18127,Porter,IN,6,,,,,,,,
18129,Posey,IN,6,,,,,,,,
18131,Pulaski,IN,6,,,,,,,,
18133,Putnam,IN,6,,,,,,,,
18135,Randolph,IN,6,,,,,,,,
18137,Ripley,IN,6,,,,,,,,
18139,Rush,IN,6,,,,,,,,
18141,St. Joseph,IN,6,,,,,,,,
18143,Scott,IN,6,,,,,,,,
18145,Shelby,IN,6,,,,,,,,
18147,Spencer,IN,6,,,,,,,,
18149,Starke,IN,6,,,,,,,,
18151,Steuben,IN,6,,,,,,,,
18153,Sullivan,IN,6,,,,,,,,
18155,Switzerland,IN,6,,,,,,,,
18157,Tippecanoe,IN,6,,,,,,,,
18159,Tipton,IN,6,,,,,,,,
18161,Union,IN,6,,,,,,,,
18163,Vanderburgh,IN,6,,,,,,,,
18165,Vermillion,IN,6,,,,,,,,
18167,Vigo,IN,6,,,,,,,,
18169,Wabash,IN,6,,,,,,,,
18171,Warren,IN,6,,,,,,,,
18173,Warrick,IN,6,,,,,,,,
18175,Washington,IN,6,,,,,,,,
18177,Wayne,IN,6,,,,,,,,
18179,Wells,IN,6,,,,,,,,
18181,White,IN,6,,,,,,,,
18183,Whitley,IN,6,,,,,,,,
19001,Adair,IA,25,,,,,,,,
19003,Adams,IA,25,,,,,,,,
19005,Allamakee,IA,25,,,,,,,,
19007,Appanoose,IA,25,,,,,,,,
19009,Audubon,IA,25,,,,,,,,
19011,Benton,IA,25,,,,,,,,
19013,Black Hawk,IA,25,,,,,,,,
19015,Boone,IA,25,,,,,,,,
19017,Bremer,IA,25,,,,,,,,
19019,Buchanan,IA,25,,,,,,,,
19021,Buena Vista,IA,25,,,,,,,,
19023,Butler,IA,25,,,,,,,,
19025,Calhoun,IA,25,,,,,,,,
19027,Carroll,IA,25,,,,,,,,
19029,Cass,IA,25,,,,,,,,
19031,Cedar,IA,25,,,,,,,,
19033,Cerro Gordo,IA,25,,,,,,,,
19035,Cherokee,IA,25,,,,,,,,
19037,Chickasaw,IA,25,,,,,,,,
19039,Clarke,IA,25,,,,,,,,
19041,Clay,IA,25,,,,,,,,
19043,Clayton,IA,25,,,,,,,,
19045,Clinton,IA,25,,,,,,,,
19047,Crawford,IA,25,,,,,,,,
19049,Dallas,IA,25,,,,,,,,
19051,Davis,IA,25,,,,,,,,
19053,Decatur,IA,25,,,,,,,,
19055,Delaware,IA,25,,,,,,,,
19057,Des Moines,IA,25,,,,,,,,
19059,Dickinson,IA,25,,,,,,,,
19061,Dubuque,IA,25,,,,,,,,
19063,Emmet,IA,25,,,,,,,,
19065,Fayette,IA,25,,,,,,,,
19067,Floyd,IA,25,,,,,,,,
19069,Franklin,IA,25,,,,,,,,
19071,Fremont,IA,25,,,,,,,,
19073,Greene,IA,25,,,,,,,,
19075,Grundy,IA,25,,,,,,,,
19077,Guthrie,IA,25,,,,,,,,
19079,Hamilton,IA,25,,,,,,,,
19081,Hancock,IA,25,,,,,,,,
19083,Hardin,IA,25,,,,,,,,
19085,Harrison,IA,25,,,,,,,,
19087,Henry,IA,25,,,,,,,,
19089,Howard,IA,25,,,,,,,,
19091,Humboldt,IA,25,,,,,,,,
19093,Ida,IA,25,,,,,,,,
19095,Iowa,IA,25,,,,,,,,
19097,Jackson,IA,25,,,,,,,,
19099,Jasper,IA,25,,,,,,,,
19101,Jefferson,IA,25,,,,,,,,
19103,Johnson,IA,25,,,,,,,,
19105,Jones,IA,25,,,,,,,,
19107,Keokuk,IA,25,,,,,,,,
19109,Kossuth,IA,25,,,,,,,,
19111,Lee,IA,25,,,,,,,,
19113,Linn,IA,25,,,,,,,,
19115,Louisa,IA,25,,,,,,,,
19117,Lucas,IA,25,,,,,,,,
19119,Lyon,IA,25,,,,,,,,
19121,Madison,IA,25,,,,,,,,
19123,Mahaska,IA,25,,,,,,,,
19125,Marion,IA,25,,,,,,,,
19127,Marshall,IA,25,,,,,,,,
19129,Mills,IA,25,,,,,,,,
19131,Mitchell,IA,25,,,,,,,,
19133,Monona,IA,25,,,,,,,,
19135,Monroe,IA,25,,,,,,,,
19137,Montgomery,IA,25,,,,,,,,
19139,Muscatine,IA,25,,,,,,,,
19141,O'Brien,IA,25,,,,,,,,
19143,Osceola,IA,25,,,,,,,,
19145,Page,IA,25,,,,,,,,
19147,Palo Alto,IA,25,,,,,,,,
19149,Plymouth,IA,25,,,,,,,,
19151,Pocahontas,IA,25,,,,,,,,
19153,Polk,IA,25,,,,,,,,
19155,Pottawattamie,IA,25,,,,,,,,
19157,Poweshiek,IA,25,,,,,,,,
19159,Ringgold,IA,25,,,,,,,,
19161,Sac,IA,25,,,,,,,,
19163,Scott,IA,25,,,,,,,,
19165,Shelby,IA,25,,,,,,,,
19167,Sioux,IA,25,,,,,,,,
19169,Story,IA,25,,,,,,,,
19171,Tama,IA,25,,,,,,,,
19173,Taylor,IA,25,,,,,,,,
19175,Union,IA,25,,,,,,,,
19177,Van Buren,IA,25,,,,,,,,
19179,Wapello,IA,25,,,,,,,,
19181,Warren,IA,25,,,,,,,,
19183,Washington,IA,25,,,,,,,,
19185,Wayne,IA,25,,,,,,,,
19187,Webster,IA,25,,,,,,,,
19189,Winnebago,IA,25,,,,,,,,
19191,Winneshiek,IA,25,,,,,,,,
19193,Woodbury,IA,25,,,,,,,,
19195,Worth,IA,25,,,,,,,,
19197,Wright,IA,25,,,,,,,,
20001,Allen,KS,12,,,,,,,,
20003,Anderson,KS,12,,,,,,,,
20005,Atchison,KS,12,,,,,,,,
20007,Barber,KS,12,,,,,,,,
20009,Barton,KS,12,,,,,,,,
20011,Bourbon,KS,12,,,,,,,,
20013,Brown,KS,12,,,,,,,,
20015,Butler,KS,12,,,,,,,,
20017,Chase,KS,12,,,,,,,,
20019,Chautauqua,KS,12,,,,,,,,
20021,Cherokee,KS,12,,,,,,,,
20023,Cheyenne,KS,12,,,,,,,,
20025,Clark,KS,12,,,,,,,,
20027,Clay,KS,12,,,,,,,,
20029,Cloud,KS,12,,,,,,,,
20031,Coffey,KS,12,,,,,,,,
20033,Comanche,KS,12,,,,,,,,
20035,Cowley,KS,12,,,,,,,,
20037,Crawford,KS,12,,,,,,,,
20039,Decatur,KS,12,,,,,,,,
20041,Dickinson,KS,12,,,,,,,,
20043,Doniphan,KS,12,,,,,,,,
20045,Douglas,KS,12,,,,,,,,
20047,Edwards,KS,12,,,,,,,,
20049,Elk,KS,12,,,,,,,,
20051,Ellis,KS,12,,,,,,,,
20053,Ellsworth,KS,12,,,,,,,,
20055,Finney,KS,12,,,,,,,,
20057,Ford,KS,12,,,,,,,,
20059,Franklin,KS,12,,,,,,,,
20061,Geary,KS,12,,,,,,,,
20063,Gove,KS,12,,,,,,,,
20065,Graham,KS,12,,,,,,,,
20067,Grant,KS,12,,,,,,,,
20069,Gray,KS,12,,,,,,,,
20071,Greeley,KS,12,,,,,,,,
20073,Greenwood,KS,12,,,,,,,,
20075,Hamilton,KS,12,,,,,,,,
20077,Harper,KS,12,,,,,,,,
20079,Harvey,KS,12,,,,,,,,
20081,Haskell,KS,12,,,,,,,,
20083,Hodgeman,KS,12,,,,,,,,
20085,Jackson,KS,12,,,,,,,,
20087,Jefferson,KS,12,,,,,,,,
20089,Jewell,KS,12,,,,,,,,
20091,Johnson,KS,12,,,,,,,,
20093,Kearny,KS,12,,,,,,,,
20095,Kingman,KS,12,,,,,,,,
20097,Kiowa,KS,12,,,,,,,,
20099,Labette,KS,12,,,,,,,,
20101,Lane,KS,12,,,,,,,,
20103,Leavenworth,KS,12,,,,,,,,
20105,Lincoln,KS,12,,,,,,,,
20107,Linn,KS,12,,,,,,,,
20109,Logan,KS,12,,,,,,,,
20111,Lyon,KS,12,,,,,,,,
20113,McPherson,KS,12,,,,,,,,
20115,Marion,KS,12,,,,,,,,
20117,Marshall,KS,12,,,,,,,,
20119,Meade,KS,12,,,,,,,,
20121,Miami,KS,12,,,,,,,,
20123,Mitchell,KS,12,,,,,,,,
20125,Montgomery,KS,12,,,,,,,,
20127,Morris,KS,12,,,,,,,,
20129,Morton,KS,12,,,,,,,,
20131,Nemaha,KS,12,,,,,,,,
20133,Neosho,KS,12,,,,,,,,
20135,Ness,KS,12,,,,,,,,
20137,Norton,KS,12,,,,,,,,
20139,Osage,KS,12,,,,,,,,
20141,Osborne,KS,12,,,,,,,,
20143,Ottawa,KS,12,,,,,,,,
20145,Pawnee,KS,12,,,,,,,,
20147,Phillips,KS,12,,,,,,,,
20149,Pottawatomie,KS,12,,,,,,,,
20151,Pratt,KS,12,,,,,,,,
20153,Rawlins,KS,12,,,,,,,,
20155,Reno,KS,12,,,,,,,,
20157,Republic,KS,12,,,,,,,,
20159,Rice,KS,12,,,,,,,,
20161,Riley,KS,12,,,,,,,,
20163,Rooks,KS,12,,,,,,,,
20165,Rush,KS,12,,,,,,,,
20167,Russell,KS,12,,,,,,,,
20169,Saline,KS,12,,,,,,,,
20171,Scott,KS,12,,,,,,,,
20173,Sedgwick,KS,12,,,,,,,,
20175,Seward,KS,12,,,,,,,,
20177,Shawnee,KS,12,,,,,,,,
20179,Sheridan,KS,12,,,,,,,,
20181,Sherman,KS,12,,,,,,,,
20183,Smith,KS,12,,,,,,,,
20185,Stafford,KS,12,,,,,,,,
20187,Stanton,KS,12,,,,,,,,
20189,Stevens,KS,12,,,,,,,,
20191,Sumner,KS,12,,,,,,,,
20193,Thomas,KS,12,,,,,,,,
20195,Trego,KS,12,,,,,,,,
20197,Wabaunsee,KS,12,,,,,,,,
20199,Wallace,KS,12,,,,,,,,
20201,Washington,KS,12,,,,,,,,
20203,Wichita,KS,12,,,,,,,,
20205,Wilson,KS,12,,,,,,,,
20207,Woodson,KS,12,,,,,,,,
20209,Wyandotte,KS,12,,,,,,,,
21001,Adair,KY,8,,,,,,,,
21003,Allen,KY,8,,,,,,,,
21005,Anderson,KY,8,,,,,,,,
21007,Ballard,KY,8,,,,,,,,
21009,Barren,KY,8,,,,,,,,
21011,Bath,KY,8,,,,,,,,
21013,Bell,KY,8,,,,,,,,
21015,Boone,KY,8,,,,,,,,
21017,Bourbon,KY,8,,,,,,,,
21019,Boyd,KY,8,,,,,,,,
21021,Boyle,KY,8,,,,,,,,
21023,Bracken,KY,8,,,,,,,,
21025,Breathitt,KY,8,,,,,,,,
21027,Breckinridge,KY,8,,,,,,,,
21029,Bullitt,KY,8,,,,,,,,
21031,Butler,KY,8,,,,,,,,
21033,Caldwell,KY,8,,,,,,,,
21035,Calloway,KY,8,,,,,,,,
21037,Campbell,KY,8,,,,,,,,
21039,Carlisle,KY,8,,,,,,,,
21041,Carroll,KY,8,,,,,,,,
21043,Carter,KY,8,,,,,,,,
21045,Casey,KY,8,,,,,,,,
21047,Christian,KY,8,,,,,,,,
21049,Clark,KY,8,,,,,,,,
21051,Clay,KY,8,,,,,,,,
21053,Clinton,KY,8,,,,,,,,
21055,Crittenden,KY,8,,,,,,,,
21057,Cumberland,KY,8,,,,,,,,
21059,Daviess,KY,8,,,,,,,,
21061,Edmonson,KY,8,,,,,,,,
21063,Elliott,KY,8,,,,,,,,
21065,Estill,KY,8,,,,,,,,
21067,Fayette,KY,8,,,,,,,,
21069,Fleming,KY,8,,,,,,,,
21071,Floyd,KY,8,,,,,,,,
21073,Franklin,KY,8,,,,,,,,
21075,Fulton,KY,8,,,,,,,,
21077,Gallatin,KY,8,,,,,,,,
21079,Garrard,KY,8,,,,,,,,
21081,Grant,KY,8,,,,,,,,
21083,Graves,KY,8,,,,,,,,
21085,Grayson,KY,8,,,,,,,,
21087,Green,KY,8,,,,,,,,
21089,Greenup,KY,8,,,,,,,,
21091,Hancock,KY,8,,,,,,,,
21093,Hardin,KY,8,,,,,,,,
21095,Harlan,KY,8,,,,,,,,
21097,Harrison,KY,8,,,,,,,,
21099,Hart,KY,8,,,,,,,,
21101,Henderson,KY,8,,,,,,,,
21103,Henry,KY,8,,,,,,,,
21105,Hickman,KY,8,,,,,,,,
21107,Hopkins,KY,8,,,,,,,,
21109,Jackson,KY,8,,,,,,,,
21111,Jefferson,KY,8,,,,,,,,
21113,Jessamine,KY,8,,,,,,,,
21115,Johnson,KY,8,,,,,,,,
21117,Kenton,KY,8,,,,,,,,
21119,Knott,KY,8,,,,,,,,
21121,Knox,KY,8,,,,,,,,
21123,Larue,KY,8,,,,,,,,
21125,Laurel,KY,8,,,,,,,,
21127,Lawrence,KY,8,,,,,,,,
21129,Lee,KY,8,,,,,,,,
21131,Leslie,KY,8,,,,,,,,
21133,Letcher,KY,8,,,,,,,,
21135,Lewis,KY,8,,,,,,,,
21137,Lincoln,KY,8,,,,,,,,
21139,Livingston,KY,8,,,,,,,,
21141,Logan,KY,8,,,,,,,,
21143,Lyon,KY,8,,,,,,,,
21145,McCracken,KY,8,,,,,,,,
21147,McCreary,KY,8,,,,,,,,
21149,McLean,KY,8,,,,,,,,
21151,Madison,KY,8,,,,,,,,
21153,Magoffin,KY,8,,,,,,,,
21155,Marion,KY,8,,,,,,,,
21157,Marshall,KY,8,,,,,,,,
21159,Martin,KY,8,,,,,,,,
21161,Mason,KY,8,,,,,,,,
21163,Meade,KY,8,,,,,,,,
21165,Menifee,KY,8,,,,,,,,
21167,Mercer,KY,8,,,,,,,,
21169,Metcalfe,KY,8,,,,,,,,
21171,Monroe,KY,8,,,,,,,,
21173,Montgomery,KY,8,,,,,,,,
21175,Morgan,KY,8,,,,,,,,
21177,Muhlenberg,KY,8,,,,,,,,
21179,Nelson,KY,8,,,,,,,,
21181,Nicholas,KY,8,,,,,,,,
21183,Ohio,KY,8,,,,,,,,
21185,Oldham,KY,8,,,,,,,,
21187,Owen,KY,8,,,,,,,,
21189,Owsley,KY,8,,,,,,,,
21191,Pendleton,KY,8,,,,,,,,
21193,Perry,KY,8,,,,,,,,
21195,Pike,KY,8,,,,,,,,
21197,Powell,KY,8,,,,,,,,
21199,Pulaski,KY,8,,,,,,,,
21201,Robertson,KY,8,,,,,,,,
21203,Rockcastle,KY,8,,,,,,,,
21205,Rowan,KY,8,,,,,,,,
21207,Russell,KY,8,,,,,,,,
21209,Scott,KY,8,,,,,,,,
21211,Shelby,KY,8,,,,,,,,
21213,Simpson,KY,8,,,,,,,,
21215,Spencer,KY,8,,,,,,,,
21217,Taylor,KY,8,,,,,,,,
21219,Todd,KY,8,,,,,,,,
21221,Trigg,KY,8,,,,,,,,
21223,Trimble,KY,8,,,,,,,,
21225,Union,KY,8,,,,,,,,
21227,Warren,KY,8,,,,,,,,
21229,Washington,KY,8,,,,,,,,
21231,Wayne,KY,8,,,,,,,,
21233,Webster,KY,8,,,,,,,,
21235,Whitley,KY,8,,,,,,,,
21237,Wolfe,KY,8,,,,,,,,
21239,Woodford,KY,8,,,,,,,,
22001,Acadia,LA,5,,,,,,,,
22003,Allen,LA,5,,,,,,,,
22005,Ascension,LA,5,,,,,,,,
22007,Assumption,LA,5,,,,,,,,
22009,Avoyelles,LA,5,,,,,,,,
22011,Beauregard,LA,5,,,,,,,,
22013,Bienville,LA,5,,,,,,,,
22015,Bossier,LA,5,,,,,,,,
22017,Caddo,LA,5,,,,,,,,
22019,Calcasieu,LA,5,,,,,,,,
22021,Caldwell,LA,5,,,,,,,,
22023,Cameron,LA,5,,,,,,,,
22025,Catahoula,LA,5,,,,,,,,
22027,Claiborne,LA,5,,,,,,,,
22029,Concordia,LA,5,,,,,,,,
22031,De Soto,LA,5,,,,,,,,
22033,East Baton Rouge,LA,5,,,,,,,,
22035,East Carroll,LA,5,,,,,,,,
22037,East Feliciana,LA,5,,,,,,,,
22039,Evangeline,LA,5,,,,,,,,
22041,Franklin,LA,5,,,,,,,,
22043,Grant,LA,5,,,,,,,,
22045,Iberia,LA,5,,,,,,,,
22047,Iberville,LA,5,,,,,,,,
22049,Jackson,LA,5,,,,,,,,
22051,Jefferson,LA,5,,,,,,,,
22053,Jefferson Davis,LA,5,,,,,,,,
22055,Lafayette,LA,5,,,,,,,,
22057,Lafourche,LA,5,,,,,,,,
22059,LaSalle,LA,5,,,,,,,,
22061,Lincoln,LA,5,,,,,,,,
22063,Livingston,LA,5,,,,,,,,
22065,Madison,LA,5,,,,,,,,
22067,Morehouse,LA,5,,,,,,,,
22069,Natchitoches,LA,5,,,,,,,,
22071,Orleans,LA,5,,,,,,,,
22073,Ouachita,LA,5,,,,,,,,
22075,Plaquemines,LA,5,,,,,,,,
22077,Pointe Coupee,LA,5,,,,,,,,
22079,Rapides,LA,5,,,,,,,,
22081,Red River,LA,5,,,,,,,,
22083,Richland,LA,5,,,,,,,,
22085,Sabine,LA,5,,,,,,,,
22087,St. Bernard,LA,5,,,,,,,,
22089,St. Charles,LA,5,,,,,,,,
22091,St. Helena,LA,5,,,,,,,,
22093,St. James,LA,5,,,,,,,,
22095,St. John the Baptist,LA,5,,,,,,,,
22097,St. Landry,LA,5,,,,,,,,
22099,St. Martin,LA,5,,,,,,,,
22101,St. Mary,LA,5,,,,,,,,
22103,St. Tammany,LA,5,,,,,,,,
22105,Tangipahoa,LA,5,,,,,,,,
22107,Tensas,LA,5,,,,,,,,
22109,Terrebonne,LA,5,,,,,,,,
22111,Union,LA,5,,,,,,,,
22113,Vermilion,LA,5,,,,,,,,
22115,Vernon,LA,5,,,,,,,,
22117,Washington,LA,5,,,,,,,,
22119,Webster,LA,5,,,,,,,,
22121,West Baton Rouge,LA,5,,,,,,,,
22123,West Carroll,LA,5,,,,,,,,
22125,West Feliciana,LA,5,,,,,,,,
22127,Winn,LA,5,,,,,,,,
23001,Androscoggin,ME,15,,,,,,,,
23003,Aroostook,ME,15,,,,,,,,
23005,Cumberland,ME,15,,,,,,,,
23007,Franklin,ME,15,,,,,,,,
23009,Hancock,ME,15,,,,,,,,
23011,Kennebec,ME,15,,,,,,,,
23013,Knox,ME,15,,,,,,,,
23015,Lincoln,ME,15,,,,,,,,
23017,Oxford,ME,15,,,,,,,,
23019,Penobscot,ME,15,,,,,,,,
23021,Piscataquis,ME,15,,,,,,,,
23023,Sagadahoc,ME,15,,,,,,,,
23025,Somerset,ME,15,,,,,,,,
23027,Waldo,ME,15,,,,,,,,
23029,Washington,ME,15,,,,,,,,
23031,York,ME,15,,,,,,,,
24001,Allegany,MD,12,,,,,,,,
24003,Anne Arundel,MD,12,,,,,,,,
24005,Baltimore,MD,12,,,,,,,,
24009,Calvert,MD,12,,,,,,,,
24011,Caroline,MD,12,,,,,,,,
24013,Carroll,MD,12,,,,,,,,
24015,Cecil,MD,12,,,,,,,,
24017,Charles,MD,12,,,,,,,,
24019,Dorchester,MD,12,,,,,,,,
24021,Frederick,MD,12,,,,,,,,
24023,Garrett,MD,12,,,,,,,,
24025,Harford,MD,12,,,,,,,,
24027,Howard,MD,12,,,,,,,,
24029,Kent,MD,12,,,,,,,,
24031,Montgomery,MD,12,,,,,,,,
24033,Prince George's,MD,12,,,,,,,,
24035,Queen Anne's,MD,12,,,,,,,,
24037,St. Mary's,MD,12,,,,,,,,
24039,Somerset,MD,12,,,,,,,,
24041,Talbot,MD,12,,,,,,,,
24043,Washington,MD,12,,,,,,,,
24045,Wicomico,MD,12,,,,,,,,
24047,Worcester,MD,12,,,,,,,,
24510,Baltimore,MD,12,,,,,,,,
25001,Barnstable,MA,6,,,,,,,,
25003,Berkshire,MA,6,,,,,,,,
25005,Bristol,MA,6,,,,,,,,
25007,Dukes,MA,6,,,,,,,,
25009,Essex,MA,6,,,,,,,,
25011,Franklin,MA,6,,,,,,,,
25013,Hampden,MA,6,,,,,,,,
25015,Hampshire,MA,6,,,,,,,,
25017,Middlesex,MA,6,,,,,,,,
25019,Nantucket,MA,6,,,,,,,,
25021,Norfolk,MA,6,,,,,,,,
25023,Plymouth,MA,6,,,,,,,,
25025,Suffolk,MA,6,,,,,,,,
25027,Worcester,MA,6,,,,,,,,
26001,Alcona,MI,6,,,,,,,,
26003,Alger,MI,6,,,,,,,,
26005,Allegan,MI,6,,,,,,,,
26007,Alpena,MI,6,,,,,,,,
26009,Antrim,MI,6,,,,,,,,
26011,Arenac,MI,6,,,,,,,,
26013,Baraga,MI,6,,,,,,,,
26015,Barry,MI,6,,,,,,,,
26017,Bay,MI,6,,,,,,,,
26019,Benzie,MI,6,,,,,,,,
26021,Berrien,MI,6,,,,,,,,
26023,Branch,MI,6,,,,,,,,
26025,Calhoun,MI,6,,,,,,,,
26027,Cass,MI,6,,,,,,,,
26029,Charlevoix,MI,6,,,,,,,,
26031,Cheboygan,MI,6,,,,,,,,
26033,Chippewa,MI,6,,,,,,,,
26035,Clare,MI,6,,,,,,,,
26037,Clinton,MI,6,,,,,,,,
26039,Crawford,MI,6,,,,,,,,
26041,Delta,MI,6,,,,,,,,
26043,Dickinson,MI,6,,,,,,,,
26045,Eaton,MI,6,,,,,,,,
26047,Emmet,MI,6,,,,,,,,
26049,Genesee,MI,6,,,,,,,,
26051,Gladwin,MI,6,,,,,,,,
26053,Gogebic,MI,6,,,,,,,,
26055,Grand Traverse,MI,6,,,,,,,,
26057,Gratiot,MI,6,,,,,,,,
26059,Hillsdale,MI,6,,,,,,,,
26061,Houghton,MI,6,,,,,,,,
26063,Huron,MI,6,,,,,,,,
26065,Ingham,MI,6,,,,,,,,
26067,Ionia,MI,6,,,,,,,,
26069,Iosco,MI,6,,,,,,,,
26071,Iron,MI,6,,,,,,,,
26073,Isabella,MI,6,,,,,,,,
26075,Jackson,MI,6,,,,,,,,
26077,Kalamazoo,MI,6,,,,,,,,
26079,Kalkaska,MI,6,,,,,,,,
26081,Kent,MI,6,,,,,,,,
26083,Keweenaw,MI,6,,,,,,,,
26085,Lake,MI,6,,,,,,,,
26087,Lapeer,MI,6,,,,,,,,
26089,Leelanau,MI,6,,,,,,,,
26091,Lenawee,MI,6,,,,,,,,
26093,Livingston,MI,6,,,,,,,,
26095,Luce,MI,6,,,,,,,,
26097,Mackinac,MI,6,,,,,,,,
26099,Macomb,MI,6,,,,,,,,
26101,Manistee,MI,6,,,,,,,,
26103,Marquette,MI,6,,,,,,,,
26105,Mason,MI,6,,,,,,,,
26107,Mecosta,MI,6,,,,,,,,
26109,Menominee,MI,6,,,,,,,,
26111,Midland,MI,6,,,,,,,,
26113,Missaukee,MI,6,,,,,,,,
26115,Monroe,MI,6,,,,,,,,
26117,Montcalm,MI,6,,,,,,,,
26119,Montmorency,MI,6,,,,,,,,
26121,Muskegon,MI,6,,,,,,,,
26123,Newaygo,MI,6,,,,,,,,
26125,Oakland,MI,6,,,,,,,,
26127,Oceana,MI,6,,,,,,,,
26129,Ogemaw,MI,6,,,,,,,,
26131,Ontonagon,MI,6,,,,,,,,
26133,Osceola,MI,6,,,,,,,,
26135,Oscoda,MI,6,,,,,,,,
26137,Otsego,MI,6,,,,,,,,
26139,Ottawa,MI,6,,,,,,,,
26141,Presque Isle,MI,6,,,,,,,,
26143,Roscommon,MI,6,,,,,,,,
26145,Saginaw,MI,6,,,,,,,,
26147,St. Clair,MI,6,,,,,,,,
26149,St. Joseph,MI,6,,,,,,,,
26151,Sanilac,MI,6,,,,,,,,
26153,Schoolcraft,MI,6,,,,,,,,
26155,Shiawassee,MI,6,,,,,,,,
26157,Tuscola,MI,6,,,,,,,,
26159,Van Buren,MI,6,,,,,,,,
26161,Washtenaw,MI,6,,,,,,,,
26163,Wayne,MI,6,,,,,,,,
26165,Wexford,MI,6,,,,,,,,
27001,Aitkin,MN,9,,,,,,,,
27003,Anoka,MN,9,,,,,,,,
27005,Becker,MN,9,,,,,,,,
27007,Beltrami,MN,9,,,,,,,,
27009,Benton,MN,9,,,,,,,,
27011,Big Stone,MN,9,,,,,,,,
27013,Blue Earth,MN,9,,,,,,,,
27015,Brown,MN,9,,,,,,,,
27017,Carlton,MN,9,,,,,,,,
27019,Carver,MN,9,,,,,,,,
27021,Cass,MN,9,,,,,,,,
27023,Chippewa,MN,9,,,,,,,,
27025,Chisago,MN,9,,,,,,,,
27027,Clay,MN,9,,,,,,,,
27029,Clearwater,MN,9,,,,,,,,
27031,Cook,MN,9,,,,,,,,
27033,Cottonwood,MN,9,,,,,,,,
27035,Crow Wing,MN,9,,,,,,,,
27037,Dakota,MN,9,,,,,,,,
27039,Dodge,MN,9,,,,,,,,
27041,Douglas,MN,9,,,,,,,,
27043,Faribault,MN,9,,,,,,,,
27045,Fillmore,MN,9,,,,,,,,
27047,Freeborn,MN,9,,,,,,,,
27049,Goodhue,MN,9,,,,,,,,
27051,Grant,MN,9,,,,,,,,
27053,Hennepin,MN,9,,,,,,,,
27055,Houston,MN,9,,,,,,,,
27057,Hubbard,MN,9,,,,,,,,
27059,Isanti,MN,9,,,,,,,,
27061,Itasca,MN,9,,,,,,,,
27063,Jackson,MN,9,,,,,,,,
27065,Kanabec,MN,9,,,,,,,,
27067,Kandiyohi,MN,9,,,,,,,,
27069,Kittson,MN,9,,,,,,,,
27071,Koochiching,MN,9,,,,,,,,
27073,Lac qui Parle,MN,9,,,,,,,,
27075,Lake,MN,9,,,,,,,,
27077,Lake of the Woods,MN,9,,,,,,,,
27079,Le Sueur,MN,9,,,,,,,,
27081,Lincoln,MN,9,,,,,,,,
27083,Lyon,MN,9,,,,,,,,
27085,McLeod,MN,9,,,,,,,,
27087,Mahnomen,MN,9,,,,,,,,
27089,Marshall,MN,9,,,,,,,,
27091,Martin,MN,9,,,,,,,,
27093,Meeker,MN,9,,,,,,,,
27095,Mille Lacs,MN,9,,,,,,,,
27097,Morrison,MN,9,,,,,,,,
27099,Mower,MN,9,,,,,,,,
27101,Murray,MN,9,,,,,,,,
27103,Nicollet,MN,9,,,,,,,,
27105,Nobles,MN,9,,,,,,,,
27107,Norman,MN,9,,,,,,,,
27109,Olmsted,MN,9,,,,,,,,
27111,Otter Tail,MN,9,,,,,,,,
27113,Pennington,MN,9,,,,,,,,
27115,Pine,MN,9,,,,,,,,
27117,Pipestone,MN,9,,,,,,,,
27119,Polk,MN,9,,,,,,,,
27121,Pope,MN,9,,,,,,,,
27123,Ramsey,MN,9,,,,,,,,
27125,Red Lake,MN,9,,,,,,,,
27127,Redwood,MN,9,,,,,,,,
27129,Renville,MN,9,,,,,,,,
27131,Rice,MN,9,,,,,,,,
27133,Rock,MN,9,,,,,,,,
27135,Roseau,MN,9,,,,,,,,
27137,St. Louis,MN,9,,,,,,,,
27139,Scott,MN,9,,,,,,,,
27141,Sherburne,MN,9,,,,,,,,
27143,Sibley,MN,9,,,,,,,,
27145,Stearns,MN,9,,,,,,,,
27147,Steele,MN,9,,,,,,,,
27149,Stevens,MN,9,,,,,,,,
27151,Swift,MN,9,,,,,,,,
27153,Todd,MN,9,,,,,,,,
27155,Traverse,MN,9,,,,,,,,
27157,Wabasha,MN,9,,,,,,,,
27159,Wadena,MN,9,,,,,,,,
27161,Waseca,MN,9,,,,,,,,
27163,Washington,MN,9,,,,,,,,
27165,Watonwan,MN,9,,,,,,,,
27167,Wilkin,MN,9,,,,,,,,
27169,Winona,MN,9,,,,,,,,
27171,Wright,MN,9,,,,,,,,
27173,Yellow Medicine,MN,9,,,,,,,,
28001,Adams,MS,16,,,,,,,,
28003,Alcorn,MS,16,,,,,,,,
28005,Amite,MS,16,,,,,,,,
28007,Attala,MS,16,,,,,,,,
28009,Benton,MS,16,,,,,,,,
28011,Bolivar,MS,16,,,,,,,,
28013,Calhoun,MS,16,,,,,,,,
28015,Carroll,MS,16,,,,,,,,
28017,Chickasaw,MS,16,,,,,,,,
28019,Choctaw,MS,16,,,,,,,,
28021,Claiborne,MS,16,,,,,,,,
28023,Clarke,MS,16,,,,,,,,
28025,Clay,MS,16,,,,,,,,
28027,Coahoma,MS,16,,,,,,,,
28029,Copiah,MS,16,,,,,,,,
28031,Covington,MS,16,,,,,,,,
28033,DeSoto,MS,16,,,,,,,,
28035,Forrest,MS,16,,,,,,,,
28037,Franklin,MS,16,,,,,,,,
28041,Greene,MS,16,,,,,,,,
28043,Grenada,MS,16,,,,,,,,
28045,Hancock,MS,16,,,,,,,,
28047,Harrison,MS,16,,,,,,,,
28049,Hinds,MS,16,,,,,,,,
28051,Holmes,MS,16,,,,,,,,
28053,Humphreys,MS,16,,,,,,,,
28055,Issaquena,MS,16,,,,,,,,
28057,Itawamba,MS,16,,,,,,,,
28059,Jackson,MS,16,,,,,,,,
28061,Jasper,MS,16,,,,,,,,
28063,Jefferson,MS,16,,,,,,,,
28065,Jefferson Davis,MS,16,,,,,,,,
28067,Jones,MS,16,,,,,,,,
28069,Kemper,MS,16,,,,,,,,
28071,Lafayette,MS,16,,,,,,,,
28073,Lamar,MS,16,,,,,,,,
28075,Lauderdale,MS,16,,,,,,,,
28077,Lawrence,MS,16,,,,,,,,
28079,Leake,MS,16,,,,,,,,
28081,Lee,MS,16,,,,,,,,
28083,Leflore,MS,16,,,,,,,,
28085,Lincoln,MS,16,,,,,,,,
28087,Lowndes,MS,16,,,,,,,,
28089,Madison,MS,16,,,,,,,,
28091,Marion,MS,16,,,,,,,,
28093,Marshall,MS,16,,,,,,,,
28095,Monroe,MS,16,,,,,,,,
28097,Montgomery,MS,16,,,,,,,,
28099,Neshoba,MS,16,,,,,,,,
28101,Newton,MS,16,,,,,,,,
28103,Noxubee,MS,16,,,,,,,,
28105,Oktibbeha,MS,16,,,,,,,,
28107,Panola,MS,16,,,,,,,,
28109,Pearl River,MS,16,,,,,,,,
28111,Perry,MS,16,,,,,,,,
28113,Pike,MS,16,,,,,,,,
28115,Pontotoc,MS,16,,,,,,,,
28117,Prentiss,MS,16,,,,,,,,
28119,Quitman,MS,16,,,,,,,,
28121,Rankin,MS,16,,,,,,,,
28123,Scott,MS,16,,,,,,,,
28125,Sharkey,MS,16,,,,,,,,
28127,Simpson,MS,16,,,,,,,,
28129,Smith,MS,16,,,,,,,,
28131,Stone,MS,16,,,,,,,,
28133,Sunflower,MS,16,,,,,,,,
28135,Tallahatchie,MS,16,,,,,,,,
28137,Tate,MS,16,,,,,,,,
28139,Tippah,MS,16,,,,,,,,
28141,Tishomingo,MS,16,,,,,,,,
28143,Tunica,MS,16,,,,,,,,
28145,Union,MS,16,,,,,,,,
28147,Walthall,MS,16,,,,,,,,
28149,Warren,MS,16,,,,,,,,
28151,Washington,MS,16,,,,,,,,
28153,Wayne,MS,16,,,,,,,,
28155,Webster,MS,16,,,,,,,,
28157,Wilkinson,MS,16,,,,,,,,
28159,Winston,MS,16,,,,,,,,
28161,Yalobusha,MS,16,,,,,,,,
28163,Yazoo,MS,16,,,,,,,,
29001,Adair,MO,19,,,,,,,,
29003,Andrew,MO,19,,,,,,,,
29005,Atchison,MO,19,,,,,,,,
29007,Audrain,MO,19,,,,,,,,
29009,Barry,MO,19,,,,,,,,
29011,Barton,MO,19,,,,,,,,
29013,Bates,MO,19,,,,,,,,
29015,Benton,MO,19,,,,,,,,
29017,Bollinger,MO,19,,,,,,,,
29019,Boone,MO,19,,,,,,,,
29021,Buchanan,MO,19,,,,,,,,
29023,Butler,MO,19,,,,,,,,
29025,Caldwell,MO,19,,,,,,,,
29027,Callaway,MO,19,,,,,,,,
29029,Camden,MO,19,,,,,,,,
29031,Cape Girardeau,MO,19,,,,,,,,
29033,Carroll,MO,19,,,,,,,,
29035,Carter,MO,19,,,,,,,,
29037,Cass,MO,19,,,,,,,,
29039,Cedar,MO,19,,,,,,,,
29041,Chariton,MO,19,,,,,,,,
29043,Christian,MO,19,,,,,,,,
29045,Clark,IA,25,,,,,,,,
29047,Clay,MO,19,,,,,,,,
29049,Clinton,MO,19,,,,,,,,
29051,Cole,MO,19,,,,,,,,
29053,Cooper,MO,19,,,,,,,,
29055,Crawford,MO,19,,,,,,,,
29057,Dade,MO,19,,,,,,,,
29059,Dallas,MO,19,,,,,,,,
29061,Daviess,MO,19,,,,,,,,
29063,DeKalb,MO,19,,,,,,,,
29065,Dent,MO,19,,,,,,,,
29067,Douglas,MO,19,,,,,,,,
29069,Dunklin,MO,19,,,,,,,,
29071,Franklin,MO,19,,,,,,,,
29073,Gasconade,MO,19,,,,,,,,
29075,Gentry,MO,19,,,,,,,,
29077,Greene,MO,19,,,,,,,,
29079,Grundy,MO,19,,,,,,,,
29081,Harrison,MO,19,,,,,,,,
29083,Henry,MO,19,,,,,,,,
29085,Hickory,MO,19,,,,,,,,
29087,Holt,MO,19,,,,,,,,
29089,Howard,MO,19,,,,,,,,
29091,Howell,MO,19,,,,,,,,
29093,Iron,MO,19,,,,,,,,
29095,Jackson,MO,19,,,,,,,,
29097,Jasper,MO,19,,,,,,,,
29099,Jefferson,MO,19,,,,,,,,
29101,Johnson,MO,19,,,,,,,,
29103,Knox,MO,19,,,,,,,,
29105,Laclede,MO,19,,,,,,,,
29107,Lafayette,MO,19,,,,,,,,
29109,Lawrence,MO,19,,,,,,,,
29111,Lewis,MO,19,,,,,,,,
29113,Lincoln,MO,19,,,,,,,,
29115,Linn,MO,19,,,,,,,,
29117,Livingston,MO,19,,,,,,,,
29119,McDonald,MO,19,,,,,,,,
29121,Macon,MO,19,,,,,,,,
29123,Madison,MO,19,,,,,,,,
29125,Maries,MO,19,,,,,,,,
29127,Marion,MO,19,,,,,,,,
29129,Mercer,MO,19,,,,,,,,
29131,Miller,MO,19,,,,,,,,
29133,Mississippi,MO,19,,,,,,,,
29135,Moniteau,MO,19,,,,,,,,
29137,Monroe,MO,19,,,,,,,,
29139,Montgomery,MO,19,,,,,,,,
29141,Morgan,MO,19,,,,,,,,
29143,New Madrid,MO,19,,,,,,,,
29145,Newton,MO,19,,,,,,,,
29147,Nodaway,MO,19,,,,,,,,
29149,Oregon,MO,19,,,,,,,,
29151,Osage,MO,19,,,,,,,,
29153,Ozark,MO,19,,,,,,,,
29155,Pemiscot,MO,19,,,,,,,,
29157,Perry,MO,19,,,,,,,,
29159,Pettis,MO,19,,,,,,,,
29161,Phelps,MO,19,,,,,,,,
29163,Pike,MO,19,,,,,,,,
29165,Platte,MO,19,,,,,,,,
29167,Polk,MO,19,,,,,,,,
29169,Pulaski,MO,19,,,,,,,,
29171,Putnam,MO,19,,,,,,,,
29173,Ralls,MO,19,,,,,,,,
29175,Randolph,MO,19,,,,,,,,
29177,Ray,MO,19,,,,,,,,
29179,Reynolds,MO,19,,,,,,,,
29181,Ripley,MO,19,,,,,,,,
29183,St. Charles,MO,19,,,,,,,,
29185,St. Clair,MO,19,,,,,,,,
29186,Ste. Genevieve,MO,19,,,,,,,,
29187,St. Francois,MO,19,,,,,,,,
29189,St. Louis,MO,19,,,,,,,,
29195,Saline,MO,19,,,,,,,,
29197,Schuyler,MO,19,,,,,,,,
29199,Scotland,MO,19,,,,,,,,
29201,Scott,MO,19,,,,,,,,
29203,Shannon,MO,19,,,,,,,,
29205,Shelby,MO,19,,,,,,,,
29207,Stoddard,MO,19,,,,,,,,
29209,Stone,MO,19,,,,,,,,
29211,Sullivan,MO,19,,,,,,,,
29213,Taney,MO,19,,,,,,,,
29215,Texas,MO,19,,,,,,,,
29217,Vernon,MO,19,,,,,,,,
29219,Warren,MO,19,,,,,,,,
29221,Washington,MO,19,,,,,,,,
29223,Wayne,MO,19,,,,,,,,
29225,Webster,MO,19,,,,,,,,
29227,Worth,MO,19,,,,,,,,
29229,Wright,MO,19,,,,,,,,
29510,St. Louis,MO,19,,,,,,,,
30001,Beaverhead,MT,10,,,,,,,,
30003,Big Horn,MT,10,,,,,,,,
30005,Blaine,MT,10,,,,,,,,
30007,Broadwater,MT,10,,,,,,,,
30009,Carbon,MT,10,,,,,,,,
30011,Carter,MT,10,,,,,,,,
30013,Cascade,MT,10,,,,,,,,
30015,Chouteau,MT,10,,,,,,,,
30017,Custer,MT,10,,,,,,,,
30019,Daniels,MT,10,,,,,,,,
30021,Dawson,MT,10,,,,,,,,
30023,Deer Lodge,MT,10,,,,,,,,
30025,Fallon,MT,10,,,,,,,,
30027,Fergus,MT,10,,,,,,,,
30029,Flathead,MT,10,,,,,,,,
30031,Gallatin,MT,10,,,,,,,,
30033,Garfield,MT,10,,,,,,,,
30035,Glacier,MT,10,,,,,,,,
30037,Golden Valley,MT,10,,,,,,,,
30039,Granite,MT,10,,,,,,,,
30041,Hill,MT,10,,,,,,,,
30043,Jefferson,MT,10,,,,,,,,
30045,Judith Basin,MT,10,,,,,,,,
30047,Lake,MT,10,,,,,,,,
30049,Lewis and Clark,MT,10,,,,,,,,
30051,Liberty,MT,10,,,,,,,,
30053,Lincoln,MT,10,,,,,,,,
30055,McCone,MT,10,,,,,,,,
30057,Madison,MT,10,,,,,,,,
30059,Meagher,MT,10,,,,,,,,
30061,Mineral,MT,10,,,,,,,,
30063,Missoula,MT,10,,,,,,,,
30065,Musselshell,MT,10,,,,,,,,
30067,Park,MT,10,,,,,,,,
30069,Petroleum,MT,10,,,,,,,,
30071,Phillips,MT,10,,,,,,,,
30073,Pondera,MT,10,,,,,,,,
30075,Powder River,MT,10,,,,,,,,
30077,Powell,MT,10,,,,,,,,
30079,Prairie,MT,10,,,,,,,,
30081,Ravalli,MT,10,,,,,,,,
30083,Richland,MT,10,,,,,,,,
30085,Roosevelt,MT,10,,,,,,,,
30087,Rosebud,MT,10,,,,,,,,
30089,Sanders,MT,10,,,,,,,,
30091,Sheridan,MT,10,,,,,,,,
30093,Silver Bow,MT,10,,,,,,,,
30095,Stillwater,MT,10,,,,,,,,
30097,Sweet Grass,MT,10,,,,,,,,
30099,Teton,MT,10,,,,,,,,
30101,Toole,MT,10,,,,,,,,
30103,Treasure,MT,10,,,,,,,,
30105,Valley,MT,10,,,,,,,,
30107,Wheatland,MT,10,,,,,,,,
30109,Wibaux,MT,10,,,,,,,,
30111,Yellowstone,MT,10,,,,,,,,
31001,Adams,NE,25,,,,,,,,
31003,Antelope,NE,25,,,,,,,,
31005,Arthur,NE,25,,,,,,,,
31007,Banner,NE,25,,,,,,,,
31009,Blaine,NE,25,,,,,,,,
31011,Boone,NE,25,,,,,,,,
31013,Box Butte,NE,25,,,,,,,,
31015,Boyd,NE,25,,,,,,,,
31017,Brown,NE,25,,,,,,,,
31019,Buffalo,NE,25,,,,,,,,
31021,Burt,NE,25,,,,,,,,
31023,Butler,NE,25,,,,,,,,
31025,Cass,NE,25,,,,,,,,
31027,Cedar,NE,25,,,,,,,,
31029,Chase,NE,25,,,,,,,,
31031,Cherry,NE,25,,,,,,,,
31033,Cheyenne,NE,25,,,,,,,,
31035,Clay,NE,25,,,,,,,,
31037,Colfax,NE,25,,,,,,,,
31039,Cuming,NE,25,,,,,,,,
31041,Custer,NE,25,,,,,,,,
31043,Dakota,NE,25,,,,,,,,
31045,Dawes,NE,25,,,,,,,,
31047,Dawson,NE,25,,,,,,,,
31049,Deuel,NE,25,,,,,,,,
31051,Dixon,NE,25,,,,,,,,
31053,Dodge,NE,25,,,,,,,,
31055,Douglas,NE,25,,,,,,,,
31057,Dundy,NE,25,,,,,,,,
31059,Fillmore,NE,25,,,,,,,,
31061,Franklin,NE,25,,,,,,,,
31063,Frontier,NE,25,,,,,,,,
31065,Furnas,NE,25,,,,,,,,
31067,Gage,NE,25,,,,,,,,
31069,Garden,NE,25,,,,,,,,
31071,Garfield,NE,25,,,,,,,,
31073,Gosper,NE,25,,,,,,,,
31075,Grant,NE,25,,,,,,,,
31077,Greeley,NE,25,,,,,,,,
31079,Hall,NE,25,,,,,,,,
31081,Hamilton,NE,25,,,,,,,,
31083,Harlan,NE,25,,,,,,,,
31085,Hayes,NE,25,,,,,,,,
31087,Hitchcock,NE,25,,,,,,,,
31089,Holt,NE,25,,,,,,,,
31091,Hooker,NE,25,,,,,,,,
31093,Howard,NE,25,,,,,,,,
31095,Jefferson,NE,25,,,,,,,,
31097,Johnson,NE,25,,,,,,,,
31099,Kearney,NE,25,,,,,,,,
31101,Keith,NE,25,,,,,,,,
31103,Keya Paha,NE,25,,,,,,,,
31105,Kimball,NE,25,,,,,,,,
31107,Knox,NE,25,,,,,,,,
31109,Lancaster,NE,25,,,,,,,,
31111,Lincoln,NE,25,,,,,,,,
31113,Logan,NE,25,,,,,,,,
31115,Loup,NE,25,,,,,,,,
31117,McPherson,NE,25,,,,,,,,
31119,Madison,NE,25,,,,,,,,
31121,Merrick,NE,25,,,,,,,,
31123,Morrill,NE,25,,,,,,,,
31125,Nance,NE,25,,,,,,,,
31127,Nemaha,NE,25,,,,,,,,
31129,Nuckolls,NE,25,,,,,,,,
31131,Otoe,NE,25,,,,,,,,
31133,Pawnee,NE,25,,,,,,,,
31135,Perkins,NE,25,,,,,,,,
31137,Phelps,NE,25,,,,,,,,
31139,Pierce,NE,25,,,,,,,,
31141,Platte,NE,25,,,,,,,,
31143,Polk,NE,25,,,,,,,,
31145,Red Willow,NE,25,,,,,,,,
31147,Richardson,NE,25,,,,,,,,
31149,Rock,NE,25,,,,,,,,
31151,Saline,NE,25,,,,,,,,
31153,Sarpy,NE,25,,,,,,,,
31155,Saunders,NE,25,,,,,,,,
31157,Scotts Bluff,NE,25,,,,,,,,
31159,Seward,NE,25,,,,,,,,
31161,Sheridan,NE,25,,,,,,,,
31163,Sherman,NE,25,,,,,,,,
31165,Sioux,NE,25,,,,,,,,
31167,Stanton,NE,25,,,,,,,,
31169,Thayer,NE,25,,,,,,,,
31171,Thomas,NE,25,,,,,,,,
31173,Thurston,NE,25,,,,,,,,
31175,Valley,NE,25,,,,,,,,
31177,Washington,NE,25,,,,,,,,
31179,Wayne,NE,25,,,,,,,,
31181,Webster,NE,25,,,,,,,,
31183,Wheeler,NE,25,,,,,,,,
31185,York,NE,25,,,,,,,,
32001,Churchill,NV,14,,,,,,,,
32003,Clark,NV,14,,,,,,,,
32005,Douglas,NV,14,,,,,,,,
32007,Elko,NV,14,,,,,,,,
32009,Esmeralda,NV,14,,,,,,,,
32011,Eureka,NV,14,,,,,,,,
32013,Humboldt,NV,14,,,,,,,,
32015,Lander,NV,14,,,,,,,,
32017,Lincoln,NV,14,,,,,,,,
32019,Lyon,NV,14,,,,,,,,
32021,Mineral,NV,14,,,,,,,,
32023,Nye,NV,14,,,,,,,,
32027,Pershing,NV,14,,,,,,,,
32029,Storey,NV,14,,,,,,,,
32031,Washoe,NV,14,,,,,,,,
32033,White Pine,NV,14,,,,,,,,
32510,Carson City,NV,14,,,,,,,,
33001,Belknap,NH,9,,,,,,,,
33003,Carroll,NH,9,,,,,,,,
33005,Cheshire,NH,9,,,,,,,,
33007,Coos,NH,9,,,,,,,,
33009,Grafton,NH,9,,,,,,,,
33011,Hillsborough,NH,9,,,,,,,,
33013,Merrimack,NH,9,,,,,,,,
33015,Rockingham,NH,9,,,,,,,,
33017,Strafford,NH,9,,,,,,,,
33019,Sullivan,NH,9,,,,,,,,
34001,Atlantic,NJ,3,,,,,,,,
34003,Bergen,NJ,3,,,,,,,,
34005,Burlington,NJ,3,,,,,,,,
34007,Camden,NJ,3,,,,,,,,
34009,Cape May,NJ,3,,,,,,,,
34011,Cumberland,NJ,3,,,,,,,,
34013,Essex,NJ,3,,,,,,,,
34015,Gloucester,NJ,3,,,,,,,,
34017,Hudson,NJ,3,,,,,,,,
34019,Hunterdon,NJ,3,,,,,,,,
34021,Mercer,NJ,3,,,,,,,,
34023,Middlesex,NJ,3,,,,,,,,
34025,Monmouth,NJ,3,,,,,,,,
34027,Morris,NJ,3,,,,,,,,
34029,Ocean,NJ,3,,,,,,,,
34031,Passaic,NJ,3,,,,,,,,
34033,Salem,NJ,3,,,,,,,,
34035,Somerset,NJ,3,,,,,,,,
34037,Sussex,NJ,3,,,,,,,,
34039,Union,NJ,3,,,,,,,,
34041,Warren,NJ,3,,,,,,,,
35001,Bernalillo,NM,6,,,,,,,,
35003,Catron,NM,6,,,,,,,,
35005,Chaves,NM,6,,,,,,,,
35006,Cibola,NM,6,,,,,,,,
35007,Colfax,NM,6,,,,,,,,
35009,Curry,NM,6,,,,,,,,
35011,De Baca,NM,6,,,,,,,,
35013,Doa Ana,NM,6,,,,,,,,
35015,Eddy,NM,6,,,,,,,,
35017,Grant,NM,6,,,,,,,,
35019,Guadalupe,NM,6,,,,,,,,
35021,Harding,NM,6,,,,,,,,
35023,Hidalgo,NM,6,,,,,,,,
35025,Lea,NM,6,,,,,,,,
35027,Lincoln,NM,6,,,,,,,,
35028,Los Alamos,NM,6,,,,,,,,
35029,Luna,NM,6,,,,,,,,
35031,McKinley,NM,6,,,,,,,,
35033,Mora,NM,6,,,,,,,,
35035,Otero,NM,6,,,,,,,,
35037,Quay,NM,6,,,,,,,,
35039,Rio Arriba,NM,6,,,,,,,,
35041,Roosevelt,NM,6,,,,,,,,
35043,Sandoval,NM,6,,,,,,,,
35045,San Juan,NM,6,,,,,,,,
35047,San Miguel,NM,6,,,,,,,,
35049,Santa Fe,NM,6,,,,,,,,
35051,Sierra,NM,6,,,,,,,,
35053,Socorro,NM,6,,,,,,,,
35055,Taos,NM,6,,,,,,,,
35057,Torrance,NM,6,,,,,,,,
35059,Union,NM,6,,,,,,,,
35061,Valencia,NM,6,,,,,,,,
36001,Albany,NY,2,,,,,,,,
36003,Allegany,NY,2,,,,,,,,
36005,Bronx,NY,2,,,,,,,,
36007,Broome,NY,2,,,,,,,,
36009,Cattaraugus,NY,2,,,,,,,,
36011,Cayuga,NY,2,,,,,,,,
36013,Chautauqua,NY,2,,,,,,,,
36015,Chemung,NY,2,,,,,,,,
36017,Chenango,NY,2,,,,,,,,
36019,Clinton,NY,2,,,,,,,,
36021,Columbia,NY,2,,,,,,,,
36023,Cortland,NY,2,,,,,,,,
36025,Delaware,NY,2,,,,,,,,
36027,Dutchess,NY,2,,,,,,,,
36029,Erie,NY,2,,,,,,,,
36031,Essex,NY,2,,,,,,,,
36033,Franklin,NY,2,,,,,,,,
36035,Fulton,NY,2,,,,,,,,
36037,Genesee,NY,2,,,,,,,,
36039,Greene,NY,2,,,,,,,,
36041,Hamilton,NY,2,,,,,,,,
36043,Herkimer,NY,2,,,,,,,,
36045,Jefferson,NY,2,,,,,,,,
36047,Kings,NY,2,,,,,,,,
36049,Lewis,NY,2,,,,,,,,
36051,Livingston,NY,2,,,,,,,,
36053,Madison,NY,2,,,,,,,,
36055,Monroe,NY,2,,,,,,,,
36057,Montgomery,NY,2,,,,,,,,
36059,Nassau,NY,2,,,,,,,,
36061,New York,NY,2,,,,,,,,
36063,Niagara,NY,2,,,,,,,,
36065,Oneida,NY,2,,,,,,,,
36067,Onondaga,NY,2,,,,,,,,
36069,Ontario,NY,2,,,,,,,,
36071,Orange,NY,2,,,,,,,,
36073,Orleans,NY,2,,,,,,,,
36075,Oswego,NY,2,,,,,,,,
36077,Otsego,NY,2,,,,,,,,
36079,Putnam,NY,2,,,,,,,,
36081,Queens,NY,2,,,,,,,,
36083,Rensselaer,NY,2,,,,,,,,
36085,Richmond,NY,2,,,,,,,,
36087,Rockland,NY,2,,,,,,,,
36089,St. Lawrence,NY,2,,,,,,,,
36091,Saratoga,NY,2,,,,,,,,
36093,Schenectady,NY,2,,,,,,,,
36095,Schoharie,NY,2,,,,,,,,
36097,Schuyler,NY,2,,,,,,,,
36099,Seneca,NY,2,,,,,,,,
36101,Steuben,NY,2,,,,,,,,
36103,Suffolk,NY,2,,,,,,,,
36105,Sullivan,NY,2,,,,,,,,
36107,Tioga,NY,2,,,,,,,,
36109,Tompkins,NY,2,,,,,,,,
36111,Ulster,NY,2,,,,,,,,
36113,Warren,NY,2,,,,,,,,
36115,Washington,NY,2,,,,,,,,
36117,Wayne,NY,2,,,,,,,,
36119,Westchester,NY,2,,,,,,,,
36121,Wyoming,NY,2,,,,,,,,
36123,Yates,NY,2,,,,,,,,
37001,Alamance,NC,12,,,,,,,,
37003,Alexander,NC,12,,,,,,,,
37005,Alleghany,NC,12,,,,,,,,
37007,Anson,NC,12,,,,,,,,
37009,Ashe,NC,12,,,,,,,,
37011,Avery,NC,12,,,,,,,,
37013,Beaufort,NC,12,,,,,,,,
37015,Bertie,NC,12,,,,,,,,
37017,Bladen,NC,12,,,,,,,,
37019,Brunswick,NC,12,,,,,,,,
37021,Buncombe,NC,12,,,,,,,,
37023,Burke,NC,12,,,,,,,,
37025,Cabarrus,NC,12,,,,,,,,
37027,Caldwell,NC,12,,,,,,,,
37029,Camden,NC,12,,,,,,,,
37031,Carteret,NC,12,,,,,,,,
37033,Caswell,NC,12,,,,,,,,
37035,Catawba,NC,12,,,,,,,,
37037,Chatham,NC,12,,,,,,,,
37039,Cherokee,NC,12,,,,,,,,
37041,Chowan,NC,12,,,,,,,,
37043,Clay,NC,12,,,,,,,,
37045,Cleveland,NC,12,,,,,,,,
37047,Columbus,NC,12,,,,,,,,
37049,Craven,NC,12,,,,,,,,
37051,Cumberland,NC,12,,,,,,,,
37053,Currituck,NC,12,,,,,,,,
37055,Dare,NC,12,,,,,,,,
37057,Davidson,NC,12,,,,,,,,
37059,Davie,NC,12,,,,,,,,
37061,Duplin,NC,12,,,,,,,,
37063,Durham,NC,12,,,,,,,,
37065,Edgecombe,NC,12,,,,,,,,
37067,Forsyth,NC,12,,,,,,,,
37069,Franklin,NC,12,,,,,,,,
37071,Gaston,NC,12,,,,,,,,
37073,Gates,NC,12,,,,,,,,
37075,Graham,NC,12,,,,,,,,
37077,Granville,NC,12,,,,,,,,
37079,Greene,NC,12,,,,,,,,
37081,Guilford,NC,12,,,,,,,,
37083,Halifax,NC,12,,,,,,,,
37085,Harnett,NC,12,,,,,,,,
37087,Haywood,NC,12,,,,,,,,
37089,Henderson,NC,12,,,,,,,,
37091,Hertford,NC,12,,,,,,,,
37093,Hoke,NC,12,,,,,,,,
37095,Hyde,NC,12,,,,,,,,
37097,Iredell,NC,12,,,,,,,,
37099,Jackson,NC,12,,,,,,,,
37101,Johnston,NC,12,,,,,,,,
37103,Jones,NC,12,,,,,,,,
37105,Lee,NC,12,,,,,,,,
37107,Lenoir,NC,12,,,,,,,,
37109,Lincoln,NC,12,,,,,,,,
37111,McDowell,NC,12,,,,,,,,
37113,Macon,NC,12,,,,,,,,
37115,Madison,NC,12,,,,,,,,
37117,Martin,NC,12,,,,,,,,
37119,Mecklenburg,NC,12,,,,,,,,
37121,Mitchell,NC,12,,,,,,,,
37123,Montgomery,NC,12,,,,,,,,
37125,Moore,NC,12,,,,,,,,
37127,Nash,NC,12,,,,,,,,
37129,New Hanover,NC,12,,,,,,,,
37131,Northampton,NC,12,,,,,,,,
37133,Onslow,NC,12,,,,,,,,
37135,Orange,NC,12,,,,,,,,
37137,Pamlico,NC,12,,,,,,,,
37139,Pasquotank,NC,12,,,,,,,,
37141,Pender,NC,12,,,,,,,,
37143,Perquimans,NC,12,,,,,,,,
37145,Person,NC,12,,,,,,,,
37147,Pitt,NC,12,,,,,,,,
37149,Polk,NC,12,,,,,,,,
37151,Randolph,NC,12,,,,,,,,
37153,Richmond,NC,12,,,,,,,,
37155,Robeson,NC,12,,,,,,,,
37157,Rockingham,NC,12,,,,,,,,
37159,Rowan,NC,12,,,,,,,,
37161,Rutherford,NC,12,,,,,,,,
37163,Sampson,NC,12,,,,,,,,
37165,Scotland,NC,12,,,,,,,,
37167,Stanly,NC,12,,,,,,,,
37169,Stokes,NC,12,,,,,,,,
37171,Surry,NC,12,,,,,,,,
37173,Swain,NC,12,,,,,,,,
37175,Transylvania,NC,12,,,,,,,,
37177,Tyrrell,NC,12,,,,,,,,
37179,Union,NC,12,,,,,,,,
37181,Vance,NC,12,,,,,,,,
37183,Wake,NC,12,,,,,,,,
37185,Warren,NC,12,,,,,,,,
37187,Washington,NC,12,,,,,,,,
37189,Watauga,NC,12,,,,,,,,
37191,Wayne,NC,12,,,,,,,,
37193,Wilkes,NC,12,,,,,,,,
37195,Wilson,NC,12,,,,,,,,
37197,Yadkin,NC,12,,,,,,,,
37199,Yancey,NC,12,,,,,,,,
38001,Adams,ND,25,,,,,,,,
38003,Barnes,ND,25,,,,,,,,
38005,Benson,ND,25,,,,,,,,
38007,Billings,ND,25,,,,,,,,
38009,Bottineau,ND,25,,,,,,,,
38011,Bowman,ND,25,,,,,,,,
38013,Burke,ND,25,,,,,,,,
38015,Burleigh,ND,25,,,,,,,,
38017,Cass,ND,25,,,,,,,,
38019,Cavalier,ND,25,,,,,,,,
38021,Dickey,ND,25,,,,,,,,
38023,Divide,ND,25,,,,,,,,
38025,Dunn,ND,25,,,,,,,,
38027,Eddy,ND,25,,,,,,,,
38029,Emmons,ND,25,,,,,,,,
38031,Foster,ND,25,,,,,,,,
38033,Golden Valley,ND,25,,,,,,,,
38035,Grand Forks,ND,25,,,,,,,,
38037,Grant,ND,25,,,,,,,,
38039,Griggs,ND,25,,,,,,,,
38041,Hettinger,ND,25,,,,,,,,
38043,Kidder,ND,25,,,,,,,,
38045,LaMoure,ND,25,,,,,,,,
38047,Logan,ND,25,,,,,,,,
38049,McHenry,ND,25,,,,,,,,
38051,McIntosh,ND,25,,,,,,,,
38053,McKenzie,ND,25,,,,,,,,
38055,McLean,ND,25,,,,,,,,
38057,Mercer,ND,25,,,,,,,,
38059,Morton,ND,25,,,,,,,,
38061,Mountrail,ND,25,,,,,,,,
38063,Nelson,ND,25,,,,,,,,
38065,Oliver,ND,25,,,,,,,,
38067,Pembina,ND,25,,,,,,,,
38069,Pierce,ND,25,,,,,,,,
38071,Ramsey,ND,25,,,,,,,,
38073,Ransom,ND,25,,,,,,,,
38075,Renville,ND,25,,,,,,,,
38077,Richland,ND,25,,,,,,,,
38079,Rolette,ND,25,,,,,,,,
38081,Sargent,ND,25,,,,,,,,
38083,Sheridan,ND,25,,,,,,,,
38085,Sioux,ND,25,,,,,,,,
38087,Slope,ND,25,,,,,,,,
38089,Stark,ND,25,,,,,,,,
38091,Steele,ND,25,,,,,,,,
38093,Stutsman,ND,25,,,,,,,,
38095,Towner,ND,25,,,,,,,,
38097,Traill,ND,25,,,,,,,,
38099,Walsh,MN,9,,,,,,,,
38101,Ward,ND,25,,,,,,,,
38103,Wells,ND,25,,,,,,,,
38105,Williams,ND,25,,,,,,,,
39001,Adams,OH,5,,,,,,,,
39003,Allen,OH,5,,,,,,,,
39005,Ashland,OH,5,,,,,,,,
39007,Ashtabula,OH,5,,,,,,,,
39009,Athens,OH,5,,,,,,,,
39011,Auglaize,OH,5,,,,,,,,
39013,Belmont,OH,5,,,,,,,,
39015,Brown,OH,5,,,,,,,,
39017,Butler,OH,5,,,,,,,,
39019,Carroll,OH,5,,,,,,,,
39021,Champaign,OH,5,,,,,,,,
39023,Clark,OH,5,,,,,,,,
39025,Clermont,OH,5,,,,,,,,
39027,Clinton,OH,5,,,,,,,,
39029,Columbiana,OH,5,,,,,,,,
39031,Coshocton,OH,5,,,,,,,,
39033,Crawford,OH,5,,,,,,,,
39035,Cuyahoga,OH,5,,,,,,,,
39037,Darke,OH,5,,,,,,,,
39039,Defiance,OH,5,,,,,,,,
39041,Delaware,OH,5,,,,,,,,
39043,Erie,OH,5,,,,,,,,
39045,Fairfield,OH,5,,,,,,,,
39047,Fayette,OH,5,,,,,,,,
39049,Franklin,OH,5,,,,,,,,
39051,Fulton,OH,5,,,,,,,,
39053,Gallia,OH,5,,,,,,,,
39055,Geauga,OH,5,,,,,,,,
39057,Greene,OH,5,,,,,,,,
39059,Guernsey,OH,5,,,,,,,,
39061,Hamilton,OH,5,,,,,,,,
39063,Hancock,OH,5,,,,,,,,
39065,Hardin,OH,5,,,,,,,,
39067,Harrison,OH,5,,,,,,,,
39069,Henry,OH,5,,,,,,,,
39071,Highland,OH,5,,,,,,,,
39073,Hocking,OH,5,,,,,,,,
39075,Holmes,OH,5,,,,,,,,
39077,Huron,OH,5,,,,,,,,
39079,Jackson,OH,5,,,,,,,,
39081,Jefferson,OH,5,,,,,,,,
39083,Knox,OH,5,,,,,,,,
39085,Lake,OH,5,,,,,,,,
39087,Lawrence,OH,5,,,,,,,,
39089,Licking,OH,5,,,,,,,,
39091,Logan,OH,5,,,,,,,,
39093,Lorain,OH,5,,,,,,,,
39095,Lucas,OH,5,,,,,,,,
39097,Madison,OH,5,,,,,,,,
39099,Mahoning,OH,5,,,,,,,,
39101,Marion,OH,5,,,,,,,,
39103,Medina,OH,5,,,,,,,,
39105,Meigs,OH,5,,,,,,,,
39107,Mercer,OH,5,,,,,,,,
39109,Miami,OH,5,,,,,,,,
39111,Monroe,OH,5,,,,,,,,
39113,Montgomery,OH,5,,,,,,,,
39115,Morgan,OH,5,,,,,,,,
39117,Morrow,OH,5,,,,,,,,
39119,Muskingum,OH,5,,,,,,,,
39121,Noble,OH,5,,,,,,,,
39123,Ottawa,OH,5,,,,,,,,
39125,Paulding,OH,5,,,,,,,,
39127,Perry,OH,5,,,,,,,,
39129,Pickaway,OH,5,,,,,,,,
39131,Pike,OH,5,,,,,,,,
39133,Portage,OH,5,,,,,,,,
39135,Preble,OH,5,,,,,,,,
39137,Putnam,OH,5,,,,,,,,
39139,Richland,OH,5,,,,,,,,
39141,Ross,OH,5,,,,,,,,
39143,Sandusky,OH,5,,,,,,,,
39145,Scioto,OH,5,,,,,,,,
39147,Seneca,OH,5,,,,,,,,
39149,Shelby,OH,5,,,,,,,,
39151,Stark,OH,5,,,,,,,,
39153,Summit,OH,5,,,,,,,,
39155,Trumbull,OH,5,,,,,,,,
39157,Tuscarawas,OH,5,,,,,,,,
39159,Union,OH,5,,,,,,,,
39161,Van Wert,OH,5,,,,,,,,
39163,Vinton,OH,5,,,,,,,,
39165,Warren,OH,5,,,,,,,,
39167,Washington,OH,5,,,,,,,,
39169,Wayne,OH,5,,,,,,,,
39171,Williams,OH,5,,,,,,,,
39173,Wood,OH,5,,,,,,,,
39175,Wyandot,OH,5,,,,,,,,
40001,Adair,OK,25,,,,,,,,
40003,Alfalfa,OK,25,,,,,,,,
40005,Atoka,OK,25,,,,,,,,
40007,Beaver,OK,25,,,,,,,,
40009,Beckham,OK,25,,,,,,,,
40011,Blaine,OK,25,,,,,,,,
40013,Bryan,OK,25,,,,,,,,
40015,Caddo,OK,25,,,,,,,,
40017,Canadian,OK,25,,,,,,,,
40019,Carter,OK,25,,,,,,,,
40021,Cherokee,OK,25,,,,,,,,
40023,Choctaw,OK,25,,,,,,,,
40025,Cimarron,OK,25,,,,,,,,
40027,Cleveland,OK,25,,,,,,,,
40029,Coal,OK,25,,,,,,,,
40031,Comanche,OK,25,,,,,,,,
40033,Cotton,OK,25,,,,,,,,
40035,Craig,OK,25,,,,,,,,
40037,Creek,OK,25,,,,,,,,
40039,Custer,OK,25,,,,,,,,
40041,Delaware,OK,25,,,,,,,,
40043,Dewey,OK,25,,,,,,,,
40045,Ellis,OK,25,,,,,,,,
40047,Garfield,OK,25,,,,,,,,
40049,Garvin,OK,25,,,,,,,,
40051,Grady,OK,25,,,,,,,,
40053,Grant,OK,25,,,,,,,,
40055,Greer,OK,25,,,,,,,,
40057,Harmon,OK,25,,,,,,,,
40059,Harper,OK,25,,,,,,,,
40061,Haskell,OK,25,,,,,,,,
40063,Hughes,OK,25,,,,,,,,
40065,Jackson,OK,25,,,,,,,,
40067,Jefferson,OK,25,,,,,,,,
40069,Johnston,OK,25,,,,,,,,
40071,Kay,OK,25,,,,,,,,
40073,Kingfisher,OK,25,,,,,,,,
40075,Kiowa,OK,25,,,,,,,,
40077,Latimer,OK,25,,,,,,,,
40079,Le Flore,OK,25,,,,,,,,
40081,Lincoln,OK,25,,,,,,,,
40083,Logan,OK,25,,,,,,,,
40085,Love,OK,25,,,,,,,,
40087,McClain,OK,25,,,,,,,,
40089,McCurtain,OK,25,,,,,,,,
40091,McIntosh,OK,25,,,,,,,,
40093,Major,OK,25,,,,,,,,
40095,Marshall,OK,25,,,,,,,,
40097,Mayes,OK,25,,,,,,,,
40099,Murray,OK,25,,,,,,,,
40101,Muskogee,OK,25,,,,,,,,
40103,Noble,OK,25,,,,,,,,
40105,Nowata,OK,25,,,,,,,,
40107,Okfuskee,OK,25,,,,,,,,
40109,Oklahoma,OK,25,,,,,,,,
40111,Okmulgee,OK,25,,,,,,,,
40113,Osage,OK,25,,,,,,,,
40115,Ottawa,OK,25,,,,,,,,
40117,Pawnee,OK,25,,,,,,,,
40119,Payne,OK,25,,,,,,,,
40121,Pittsburg,OK,25,,,,,,,,
40123,Pontotoc,OK,25,,,,,,,,
40125,Pottawatomie,OK,25,,,,,,,,
40127,Pushmataha,OK,25,,,,,,,,
40129,Roger Mills,OK,25,,,,,,,,
40131,Rogers,OK,25,,,,,,,,
40133,Seminole,OK,25,,,,,,,,
40135,Sequoyah,OK,25,,,,,,,,
40137,Stephens,OK,25,,,,,,,,
40139,Texas,OK,25,,,,,,,,
40141,Tillman,OK,25,,,,,,,,
40143,Tulsa,OK,25,,,,,,,,
40145,Wagoner,OK,25,,,,,,,,
40147,Washington,OK,25,,,,,,,,
40149,Washita,OK,25,,,,,,,,
40151,Woods,OK,25,,,,,,,,
40153,Woodward,OK,25,,,,,,,,
41001,Baker,OR,5,,,,,,,,
41003,Benton,OR,5,,,,,,,,
41005,Clackamas,OR,5,,,,,,,,
41007,Clatsop,OR,5,,,,,,,,
41009,Columbia,OR,5,,,,,,,,
41011,Coos,OR,5,,,,,,,,
41013,Crook,OR,5,,,,,,,,
41015,Curry,OR,5,,,,,,,,
41017,Deschutes,OR,5,,,,,,,,
41019,Douglas,OR,5,,,,,,,,
41021,Gilliam,OR,5,,,,,,,,
41023,Grant,OR,5,,,,,,,,
41025,Harney,OR,5,,,,,,,,
41027,Hood River,OR,5,,,,,,,,
41029,Jackson,OR,5,,,,,,,,
41031,Jefferson,OR,5,,,,,,,,
41033,Josephine,OR,5,,,,,,,,
41035,Klamath,OR,5,,,,,,,,
41037,Lake,OR,5,,,,,,,,
41039,Lane,OR,5,,,,,,,,
41041,Lincoln,OR,5,,,,,,,,
41043,Linn,OR,5,,,,,,,,
41045,Malheur,OR,5,,,,,,,,
41047,Marion,OR,5,,,,,,,,
41049,Morrow,OR,5,,,,,,,,
41051,Multnomah,OR,5,,,,,,,,
41053,Polk,OR,5,,,,,,,,
41055,Sherman,OR,5,,,,,,,,
41057,Tillamook,OR,5,,,,,,,,
41059,Umatilla,OR,5,,,,,,,,
41061,Union,OR,5,,,,,,,,
41063,Wallowa,OR,5,,,,,,,,
41065,Wasco,OR,5,,,,,,,,
41067,Washington,OR,5,,,,,,,,
41069,Wheeler,OR,5,,,,,,,,
41071,Yamhill,OR,5,,,,,,,,
42001,Adams,PA,14,,,,,,,,
42003,Allegheny,PA,14,,,,,,,,
42005,Armstrong,PA,14,,,,,,,,
42007,Beaver,PA,14,,,,,,,,
42009,Bedford,PA,14,,,,,,,,
42011,Berks,PA,14,,,,,,,,
42013,Blair,PA,14,,,,,,,,
42015,Bradford,PA,14,,,,,,,,
42017,Bucks,PA,14,,,,,,,,
42019,Butler,PA,14,,,,,,,,
42021,Cambria,PA,14,,,,,,,,
42023,Cameron,PA,14,,,,,,,,
42025,Carbon,PA,14,,,,,,,,
42027,Centre,PA,14,,,,,,,,
42029,Chester,PA,14,,,,,,,,
42031,Clarion,PA,14,,,,,,,,
42033,Clearfield,PA,14,,,,,,,,
42035,Clinton,PA,14,,,,,,,,
42037,Columbia,PA,14,,,,,,,,
42039,Crawford,PA,14,,,,,,,,
42041,Cumberland,PA,14,,,,,,,,
42043,Dauphin,PA,14,,,,,,,,
42045,Delaware,PA,14,,,,,,,,
42047,Elk,PA,14,,,,,,,,
42049,Erie,PA,14,,,,,,,,
42051,Fayette,PA,14,,,,,,,,
42053,Forest,PA,14,,,,,,,,
42055,Franklin,PA,14,,,,,,,,
42057,Fulton,PA,14,,,,,,,,
42059,Greene,PA,14,,,,,,,,
42061,Huntingdon,PA,14,,,,,,,,
42063,Indiana,PA,14,,,,,,,,
42065,Jefferson,PA,14,,,,,,,,
42067,Juniata,PA,14,,,,,,,,
42069,Lackawanna,PA,14,,,,,,,,
42071,Lancaster,PA,14,,,,,,,,
42073,Lawrence,PA,14,,,,,,,,
42075,Lebanon,PA,14,,,,,,,,
42077,Lehigh,PA,14,,,,,,,,
42079,Luzerne,PA,14,,,,,,,,
42081,Lycoming,PA,14,,,,,,,,
42083,McKean,PA,14,,,,,,,,
42085,Mercer,PA,14,,,,,,,,
42087,Mifflin,PA,14,,,,,,,,
42089,Monroe,PA,14,,,,,,,,
42091,Montgomery,PA,14,,,,,,,,
42093,Montour,PA,14,,,,,,,,
42095,Northampton,PA,14,,,,,,,,
42097,Northumberland,PA,14,,,,,,,,
42099,Perry,PA,14,,,,,,,,
42101,Philadelphia,PA,14,,,,,,,,
42103,Pike,PA,14,,,,,,,,
42105,Potter,PA,14,,,,,,,,
42107,Schuylkill,PA,14,,,,,,,,
42109,Snyder,PA,14,,,,,,,,
42111,Somerset,PA,14,,,,,,,,
42113,Sullivan,PA,14,,,,,,,,
42115,Susquehanna,PA,14,,,,,,,,
42117,Tioga,PA,14,,,,,,,,
42119,Union,PA,14,,,,,,,,
42121,Venango,PA,14,,,,,,,,
42123,Warren,PA,14,,,,,,,,
42125,Washington,PA,14,,,,,,,,
42127,Wayne,PA,14,,,,,,,,
42129,Westmoreland,PA,14,,,,,,,,
42131,Wyoming,PA,14,,,,,,,,
42133,York,PA,14,,,,,,,,
44001,Bristol,RI,10,,,,,,,,
44003,Kent,RI,10,,,,,,,,
44005,Newport,RI,10,,,,,,,,
44007,Providence,RI,10,,,,,,,,
44009,Washington,RI,10,,,,,,,,
45001,Abbeville,SC,13,,,,,,,,
45003,Aiken,SC,13,,,,,,,,
45005,Allendale,SC,13,,,,,,,,
45007,Anderson,SC,13,,,,,,,,
45009,Bamberg,SC,13,,,,,,,,
45011,Barnwell,SC,13,,,,,,,,
45013,Beaufort,SC,13,,,,,,,,
45015,Berkeley,SC,13,,,,,,,,
45017,Calhoun,SC,13,,,,,,,,
45019,Charleston,SC,13,,,,,,,,
45021,Cherokee,SC,13,,,,,,,,
45023,Chester,SC,13,,,,,,,,
45025,Chesterfield,SC,13,,,,,,,,
45027,Clarendon,SC,13,,,,,,,,
45029,Colleton,SC,13,,,,,,,,
45031,Darlington,SC,13,,,,,,,,
45033,Dillon,SC,13,,,,,,,,
45035,Dorchester,SC,13,,,,,,,,
45037,Edgefield,SC,13,,,,,,,,
45039,Fairfield,SC,13,,,,,,,,
45041,Florence,SC,13,,,,,,,,
45043,Georgetown,SC,13,,,,,,,,
45045,Greenville,SC,13,,,,,,,,
45047,Greenwood,SC,13,,,,,,,,
45049,Hampton,SC,13,,,,,,,,
45051,Horry,SC,13,,,,,,,,
45053,Jasper,SC,13,,,,,,,,
45055,Kershaw,SC,13,,,,,,,,
45057,Lancaster,SC,13,,,,,,,,
45059,Laurens,SC,13,,,,,,,,
45061,Lee,SC,13,,,,,,,,
45063,Lexington,SC,13,,,,,,,,
45065,McCormick,SC,13,,,,,,,,
45067,Marion,SC,13,,,,,,,,
45069,Marlboro,SC,13,,,,,,,,
45071,Newberry,SC,13,,,,,,,,
45073,Oconee,SC,13,,,,,,,,
45075,Orangeburg,SC,13,,,,,,,,
45077,Pickens,SC,13,,,,,,,,
45079,Richland,SC,13,,,,,,,,
45081,Saluda,SC,13,,,,,,,,
45083,Spartanburg,SC,13,,,,,,,,
45085,Sumter,SC,13,,,,,,,,
45087,Union,SC,13,,,,,,,,
45089,Williamsburg,SC,13,,,,,,,,
45091,York,SC,13,,,,,,,,
46003,Aurora,SD,25,,,,,,,,
46005,Beadle,SD,25,,,,,,,,
46007,Bennett,SD,25,,,,,,,,
46009,Bon Homme,SD,25,,,,,,,,
46011,Brookings,SD,25,,,,,,,,
46013,Brown,SD,25,,,,,,,,
46015,Brule,SD,25,,,,,,,,
46017,Buffalo,SD,25,,,,,,,,
46019,Butte,SD,25,,,,,,,,
46021,Campbell,SD,25,,,,,,,,
46023,Charles Mix,SD,25,,,,,,,,
46025,Clark,SD,25,,,,,,,,
46027,Clay,SD,25,,,,,,,,
46029,Codington,SD,25,,,,,,,,
46031,Corson,SD,25,,,,,,,,
46033,Custer,SD,25,,,,,,,,
46035,Davison,SD,25,,,,,,,,
46037,Day,SD,25,,,,,,,,
46039,Deuel,SD,25,,,,,,,,
46041,Dewey,SD,25,,,,,,,,
46043,Douglas,SD,25,,,,,,,,
46045,Edmunds,SD,25,,,,,,,,
46047,Fall River,SD,25,,,,,,,,
46049,Faulk,SD,25,,,,,,,,
46051,Grant,SD,25,,,,,,,,
46053,Gregory,SD,25,,,,,,,,
46055,Haakon,SD,25,,,,,,,,
46057,Hamlin,SD,25,,,,,,,,
46059,Hand,SD,25,,,,,,,,
46061,Hanson,SD,25,,,,,,,,
46063,Harding,SD,25,,,,,,,,
46065,Hughes,SD,25,,,,,,,,
46067,Hutchinson,SD,25,,,,,,,,
46069,Hyde,SD,25,,,,,,,,
46071,Jackson,SD,25,,,,,,,,
46073,Jerauld,SD,25,,,,,,,,
46075,Jones,SD,25,,,,,,,,
46077,Kingsbury,SD,25,,,,,,,,
46079,Lake,SD,25,,,,,,,,
46081,Lawrence,SD,25,,,,,,,,
46083,Lincoln,SD,25,,,,,,,,
46085,Lyman,SD,25,,,,,,,,
46087,McCook,SD,25,,,,,,,,
46089,McPherson,SD,25,,,,,,,,
46091,Marshall,SD,25,,,,,,,,
46093,Meade,SD,25,,,,,,,,
46095,Mellette,SD,25,,,,,,,,
46097,Miner,SD,25,,,,,,,,
46099,Minnehaha,SD,25,,,,,,,,
46101,Moody,SD,25,,,,,,,,
46103,Pennington,SD,25,,,,,,,,
46105,Perkins,SD,25,,,,,,,,
46107,Potter,SD,25,,,,,,,,
46109,Roberts,SD,25,,,,,,,,
46111,Sanborn,SD,25,,,,,,,,
46113,Oglala Lakota,SD,25,,,,,,,,
46115,Spink,SD,25,,,,,,,,
46117,Stanley,SD,25,,,,,,,,
46119,Sully,SD,25,,,,,,,,
46121,Todd,SD,25,,,,,,,,
46123,Tripp,SD,25,,,,,,,,
46125,Turner,SD,25,,,,,,,,
46127,Union,SD,25,,,,,,,,
46129,Walworth,SD,25,,,,,,,,
46135,Yankton,SD,25,,,,,,,,
46137,Ziebach,SD,25,,,,,,,,
47001,Anderson,TN,13,,,,,,,,
47003,Bedford,TN,13,,,,,,,,
47005,Benton,TN,13,,,,,,,,
47007,Bledsoe,TN,13,,,,,,,,
47009,Blount,TN,13,,,,,,,,
47011,Bradley,TN,13,,,,,,,,
47013,Campbell,TN,13,,,,,,,,
47015,Cannon,TN,13,,,,,,,,
47017,Carroll,TN,13,,,,,,,,
47019,Carter,TN,13,,,,,,,,
47021,Cheatham,TN,13,,,,,,,,
47023,Chester,TN,13,,,,,,,,
47025,Claiborne,TN,13,,,,,,,,
47027,Clay,TN,13,,,,,,,,
47029,Cocke,TN,13,,,,,,,,
47031,Coffee,TN,13,,,,,,,,
47033,Crockett,TN,13,,,,,,,,
47035,Cumberland,TN,13,,,,,,,,
47037,Davidson,TN,13,,,,,,,,
47039,Decatur,TN,13,,,,,,,,
47041,DeKalb,TN,13,,,,,,,,
47043,Dickson,TN,13,,,,,,,,
47045,Dyer,TN,13,,,,,,,,
47047,Fayette,TN,13,,,,,,,,
47049,Fentress,TN,13,,,,,,,,
47051,Franklin,TN,13,,,,,,,,
47053,Gibson,TN,13,,,,,,,,
47055,Giles,TN,13,,,,,,,,
47057,Grainger,TN,13,,,,,,,,
47059,Greene,TN,13,,,,,,,,
47061,Grundy,TN,13,,,,,,,,
47063,Hamblen,TN,13,,,,,,,,
47065,Hamilton,TN,13,,,,,,,,
47067,Hancock,TN,13,,,,,,,,
47069,Hardeman,TN,13,,,,,,,,
47071,Hardin,TN,13,,,,,,,,
47073,Hawkins,TN,13,,,,,,,,
47075,Haywood,TN,13,,,,,,,,
47077,Henderson,TN,13,,,,,,,,
47079,Henry,TN,13,,,,,,,,
47081,Hickman,TN,13,,,,,,,,
47083,Houston,TN,13,,,,,,,,
47085,Humphreys,TN,13,,,,,,,,
47087,Jackson,TN,13,,,,,,,,
47089,Jefferson,TN,13,,,,,,,,
47091,Johnson,TN,13,,,,,,,,
47093,Knox,TN,13,,,,,,,,
47095,Lake,TN,13,,,,,,,,
47097,Lauderdale,TN,13,,,,,,,,
47099,Lawrence,TN,13,,,,,,,,
47101,Lewis,TN,13,,,,,,,,
47103,Lincoln,TN,13,,,,,,,,
47105,Loudon,TN,13,,,,,,,,
47107,McMinn,TN,13,,,,,,,,
47109,McNairy,TN,13,,,,,,,,
47111,Macon,TN,13,,,,,,,,
47113,Madison,TN,13,,,,,,,,
47115,Marion,TN,13,,,,,,,,
47117,Marshall,TN,13,,,,,,,,
47119,Maury,TN,13,,,,,,,,
47121,Meigs,TN,13,,,,,,,,
47123,Monroe,TN,13,,,,,,,,
47125,Montgomery,TN,13,,,,,,,,
47127,Moore,TN,13,,,,,,,,
47129,Morgan,TN,13,,,,,,,,
47131,Obion,TN,13,,,,,,,,
47133,Overton,TN,13,,,,,,,,
47135,Perry,TN,13,,,,,,,,
47137,Pickett,TN,13,,,,,,,,
47139,Polk,TN,13,,,,,,,,
47141,Putnam,TN,13,,,,,,,,
47143,Rhea,TN,13,,,,,,,,
47145,Roane,TN,13,,,,,,,,
47147,Robertson,TN,13,,,,,,,,
47149,Rutherford,TN,13,,,,,,,,
47151,Scott,TN,13,,,,,,,,
47153,Sequatchie,TN,13,,,,,,,,
47155,Sevier,TN,13,,,,,,,,
47157,Shelby,TN,13,,,,,,,,
47159,Smith,TN,13,,,,,,,,
47161,Stewart,TN,13,,,,,,,,
47163,Sullivan,TN,13,,,,,,,,
47165,Sumner,TN,13,,,,,,,,
47167,Tipton,TN,13,,,,,,,,
47169,Trousdale,TN,13,,,,,,,,
47171,Unicoi,TN,13,,,,,,,,
47173,Union,TN,13,,,,,,,,
47175,Van Buren,TN,13,,,,,,,,
47177,Warren,TN,13,,,,,,,,
47179,Washington,TN,13,,,,,,,,
47181,Wayne,TN,13,,,,,,,,
47183,Weakley,TN,13,,,,,,,,
47185,White,TN,13,,,,,,,,
47187,Williamson,TN,13,,,,,,,,
47189,Wilson,TN,13,,,,,,,,
48001,Anderson,TX,15,,,,,,,,
48003,Andrews,TX,15,,,,,,,,
48005,Angelina,TX,15,,,,,,,,
48007,Aransas,TX,15,,,,,,,,
48009,Archer,TX,15,,,,,,,,
48011,Armstrong,TX,15,,,,,,,,
48013,Atascosa,TX,15,,,,,,,,
48015,Austin,TX,15,,,,,,,,
48017,Bailey,TX,15,,,,,,,,
48019,Bandera,TX,15,,,,,,,,
48021,Bastrop,TX,15,,,,,,,,
48023,Baylor,TX,15,,,,,,,,
48025,Bee,TX,15,,,,,,,,
48027,Bell,TX,15,,,,,,,,
48029,Bexar,TX,15,,,,,,,,
48031,Blanco,TX,15,,,,,,,,
48033,Borden,TX,15,,,,,,,,
48035,Bosque,TX,15,,,,,,,,
48037,Bowie,TX,15,,,,,,,,
48039,Brazoria,TX,15,,,,,,,,
48041,Brazos,TX,15,,,,,,,,
48043,Brewster,TX,15,,,,,,,,
48045,Briscoe,TX,15,,,,,,,,
48047,Brooks,TX,15,,,,,,,,
48049,Brown,TX,15,,,,,,,,
48051,Burleson,TX,15,,,,,,,,
48053,Burnet,TX,15,,,,,,,,
48055,Caldwell,TX,15,,,,,,,,
48057,Calhoun,TX,15,,,,,,,,
48059,Callahan,TX,15,,,,,,,,
48061,Cameron,TX,15,,,,,,,,
48063,Camp,TX,15,,,,,,,,
48065,Carson,TX,15,,,,,,,,
48067,Cass,TX,15,,,,,,,,
48069,Castro,TX,15,,,,,,,,
48071,Chambers,TX,15,,,,,,,,
48073,Cherokee,TX,15,,,,,,,,
48075,Childress,TX,15,,,,,,,,
48077,Clay,TX,15,,,,,,,,
48079,Cochran,TX,15,,,,,,,,
48081,Coke,TX,15,,,,,,,,
48083,Coleman,TX,15,,,,,,,,
48085,Collin,TX,15,,,,,,,,
48087,Collingsworth,TX,15,,,,,,,,
48089,Colorado,TX,15,,,,,,,,
48091,Comal,TX,15,,,,,,,,
48093,Comanche,TX,15,,,,,,,,
48095,Concho,TX,15,,,,,,,,
48097,Cooke,TX,15,,,,,,,,
48099,Coryell,TX,15,,,,,,,,
48101,Cottle,TX,15,,,,,,,,
48103,Crane,TX,15,,,,,,,,
48105,Crockett,TX,15,,,,,,,,
48107,Crosby,TX,15,,,,,,,,
48109,Culberson,TX,15,,,,,,,,
48111,Dallam,TX,15,,,,,,,,
48113,Dallas,TX,15,,,,,,,,
48115,Dawson,TX,15,,,,,,,,
48117,Deaf Smith,TX,15,,,,,,,,
48119,Delta,TX,15,,,,,,,,
48121,Denton,TX,15,,,,,,,,
48123,DeWitt,TX,15,,,,,,,,
48125,Dickens,TX,15,,,,,,,,
48127,Dimmit,TX,15,,,,,,,,
48129,Donley,TX,15,,,,,,,,
48131,Duval,TX,15,,,,,,,,
48133,Eastland,TX,15,,,,,,,,
48135,Ector,TX,15,,,,,,,,
48137,Edwards,TX,15,,,,,,,,
48139,Ellis,TX,15,,,,,,,,
48141,El Paso,TX,15,,,,,,,,
48143,Erath,TX,15,,,,,,,,
48145,Falls,TX,15,,,,,,,,
48147,Fannin,TX,15,,,,,,,,
48149,Fayette,TX,15,,,,,,,,
48151,Fisher,TX,15,,,,,,,,
48153,Floyd,TX,15,,,,,,,,
48155,Foard,TX,15,,,,,,,,
48157,Fort Bend,TX,15,,,,,,,,
48159,Franklin,TX,15,,,,,,,,
48161,Freestone,TX,15,,,,,,,,
48163,Frio,TX,15,,,,,,,,
48165,Gaines,TX,15,,,,,,,,
48167,Galveston,TX,15,,,,,,,,
48169,Garza,TX,15,,,,,,,,
48171,Gillespie,TX,15,,,,,,,,
48173,Glasscock,TX,15,,,,,,,,
48175,Goliad,TX,15,,,,,,,,
48177,Gonzales,TX,15,,,,,,,,
48179,Gray,TX,15,,,,,,,,
48181,Grayson,TX,15,,,,,,,,
48183,Gregg,TX,15,,,,,,,,
48185,Grimes,TX,15,,,,,,,,
48187,Guadalupe,TX,15,,,,,,,,
48189,Hale,TX,15,,,,,,,,
48191,Hall,TX,15,,,,,,,,
48193,Hamilton,TX,15,,,,,,,,
48195,Hansford,TX,15,,,,,,,,
48197,Hardeman,TX,15,,,,,,,,
48199,Hardin,TX,15,,,,,,,,
48201,Harris,TX,15,,,,,,,,
48203,Harrison,TX,15,,,,,,,,
48205,Hartley,TX,15,,,,,,,,
48207,Haskell,TX,15,,,,,,,,
48209,Hays,TX,15,,,,,,,,
48211,Hemphill,TX,15,,,,,,,,
48213,Henderson,TX,15,,,,,,,,
48215,Hidalgo,TX,15,,,,,,,,
48217,Hill,TX,15,,,,,,,,
48219,Hockley,TX,15,,,,,,,,
48221,Hood,TX,15,,,,,,,,
48223,Hopkins,TX,15,,,,,,,,
48225,Houston,TX,15,,,,,,,,
48227,Howard,TX,15,,,,,,,,
48229,Hudspeth,TX,15,,,,,,,,
48231,Hunt,TX,15,,,,,,,,
48233,Hutchinson,TX,15,,,,,,,,
48235,Irion,TX,15,,,,,,,,
48237,Jack,TX,15,,,,,,,,
48239,Jackson,TX,15,,,,,,,,
48241,Jasper,TX,15,,,,,,,,
48243,Jeff Davis,TX,15,,,,,,,,
48245,Jefferson,TX,15,,,,,,,,
48247,Jim Hogg,TX,15,,,,,,,,
48249,Jim Wells,TX,15,,,,,,,,
48251,Johnson,TX,15,,,,,,,,
48253,Jones,TX,15,,,,,,,,
48255,Karnes,TX,15,,,,,,,,
48257,Kaufman,TX,15,,,,,,,,
48259,Kendall,TX,15,,,,,,,,
48261,Kenedy,TX,15,,,,,,,,
48263,Kent,TX,15,,,,,,,,
48265,Kerr,TX,15,,,,,,,,
48267,Kimble,TX,15,,,,,,,,
48269,King,TX,15,,,,,,,,
48271,Kinney,TX,15,,,,,,,,
48273,Kleberg,TX,15,,,,,,,,
48275,Knox,TX,15,,,,,,,,
48277,Lamar,TX,15,,,,,,,,
48279,Lamb,TX,15,,,,,,,,
48281,Lampasas,TX,15,,,,,,,,
48283,La Salle,TX,15,,,,,,,,
48285,Lavaca,TX,15,,,,,,,,
48287,Lee,TX,15,,,,,,,,
48289,Leon,TX,15,,,,,,,,
48291,Liberty,TX,15,,,,,,,,
48293,Limestone,TX,15,,,,,,,,
48295,Lipscomb,TX,15,,,,,,,,
48297,Live Oak,TX,15,,,,,,,,
48299,Llano,TX,15,,,,,,,,
48301,Loving,TX,15,,,,,,,,
48303,Lubbock,TX,15,,,,,,,,
48305,Lynn,TX,15,,,,,,,,
48307,McCulloch,TX,15,,,,,,,,
48309,McLennan,TX,15,,,,,,,,
48311,McMullen,TX,15,,,,,,,,
48313,Madison,TX,15,,,,,,,,
48315,Marion,TX,15,,,,,,,,
48317,Martin,TX,15,,,,,,,,
48319,Mason,TX,15,,,,,,,,
48321,Matagorda,TX,15,,,,,,,,
48323,Maverick,TX,15,,,,,,,,
48325,Medina,TX,15,,,,,,,,
48327,Menard,TX,15,,,,,,,,
48329,Midland,TX,15,,,,,,,,
48331,Milam,TX,15,,,,,,,,
48333,Mills,TX,15,,,,,,,,
48335,Mitchell,TX,15,,,,,,,,
48337,Montague,TX,15,,,,,,,,
48339,Montgomery,TX,15,,,,,,,,
48341,Moore,TX,15,,,,,,,,
48343,Morris,TX,15,,,,,,,,
48345,Motley,TX,15,,,,,,,,
48347,Nacogdoches,TX,15,,,,,,,,
48349,Navarro,TX,15,,,,,,,,
48351,Newton,TX,15,,,,,,,,
48353,Nolan,TX,15,,,,,,,,
48355,Nueces,TX,15,,,,,,,,
48357,Ochiltree,TX,15,,,,,,,,
48359,Oldham,TX,15,,,,,,,,
48361,Orange,TX,15,,,,,,,,
48363,Palo Pinto,TX,15,,,,,,,,
48365,Panola,TX,15,,,,,,,,
48367,Parker,TX,15,,,,,,,,
48369,Parmer,TX,15,,,,,,,,
48371,Pecos,TX,15,,,,,,,,
48373,Polk,TX,15,,,,,,,,
48375,Potter,TX,15,,,,,,,,
48377,Presidio,TX,15,,,,,,,,
48379,Rains,TX,15,,,,,,,,
48381,Randall,TX,15,,,,,,,,
48383,Reagan,TX,15,,,,,,,,
48385,Real,TX,15,,,,,,,,
48387,Red River,TX,15,,,,,,,,
48389,Reeves,TX,15,,,,,,,,
48391,Refugio,TX,15,,,,,,,,
48393,Roberts,TX,15,,,,,,,,
48395,Robertson,TX,15,,,,,,,,
48397,Rockwall,TX,15,,,,,,,,
48399,Runnels,TX,15,,,,,,,,
48401,Rusk,TX,15,,,,,,,,
48403,Sabine,TX,15,,,,,,,,
48405,San Augustine,TX,15,,,,,,,,
48407,San Jacinto,TX,15,,,,,,,,
48409,San Patricio,TX,15,,,,,,,,
48411,San Saba,TX,15,,,,,,,,
48413,Schleicher,TX,15,,,,,,,,
48415,Scurry,TX,15,,,,,,,,
48417,Shackelford,TX,15,,,,,,,,
48419,Shelby,TX,15,,,,,,,,
48421,Sherman,TX,15,,,,,,,,
48423,Smith,TX,15,,,,,,,,
48425,Somervell,TX,15,,,,,,,,
48427,Starr,TX,15,,,,,,,,
48429,Stephens,TX,15,,,,,,,,
48431,Sterling,TX,15,,,,,,,,
48433,Stonewall,TX,15,,,,,,,,
48435,Sutton,TX,15,,,,,,,,
48437,Swisher,TX,15,,,,,,,,
48439,Tarrant,TX,15,,,,,,,,
48441,Taylor,TX,15,,,,,,,,
48443,Terrell,TX,15,,,,,,,,
48445,Terry,TX,15,,,,,,,,
48447,Throckmorton,TX,15,,,,,,,,
48449,Titus,TX,15,,,,,,,,
48451,Tom Green,TX,15,,,,,,,,
48453,Travis,TX,15,,,,,,,,
48455,Trinity,TX,15,,,,,,,,
48457,Tyler,TX,15,,,,,,,,
48459,Upshur,TX,15,,,,,,,,
48461,Upton,TX,15,,,,,,,,
48463,Uvalde,TX,15,,,,,,,,
48465,Val Verde,TX,15,,,,,,,,
48467,Van Zandt,TX,15,,,,,,,,
48469,Victoria,TX,15,,,,,,,,
48471,Walker,TX,15,,,,,,,,
48473,Waller,TX,15,,,,,,,,
48475,Ward,TX,15,,,,,,,,
48477,Washington,TX,15,,,,,,,,
48479,Webb,TX,15,,,,,,,,
48481,Wharton,TX,15,,,,,,,,
48483,Wheeler,TX,15,,,,,,,,
48485,Wichita,TX,15,,,,,,,,
48487,Wilbarger,TX,15,,,,,,,,
48489,Willacy,TX,15,,,,,,,,
48491,Williamson,TX,15,,,,,,,,
48493,Wilson,TX,15,,,,,,,,
48495,Winkler,TX,15,,,,,,,,
48497,Wise,TX,15,,,,,,,,
48499,Wood,TX,15,,,,,,,,
48501,Yoakum,TX,15,,,,,,,,
48503,Young,TX,15,,,,,,,,
48505,Zapata,TX,15,,,,,,,,
48507,Zavala,TX,15,,,,,,,,
49001,Beaver,UT,25,,,,,,,,
49003,Box Elder,UT,25,,,,,,,,
49005,Cache,UT,25,,,,,,,,
49007,Carbon,UT,25,,,,,,,,
49009,Daggett,UT,25,,,,,,,,
49011,Davis,UT,25,,,,,,,,
49013,Duchesne,UT,25,,,,,,,,
49015,Emery,UT,25,,,,,,,,
49017,Garfield,UT,25,,,,,,,,
49019,Grand,UT,25,,,,,,,,
49021,Iron,UT,25,,,,,,,,
49023,Juab,UT,25,,,,,,,,
49025,Kane,UT,25,,,,,,,,
49027,Millard,UT,25,,,,,,,,
49029,Morgan,UT,25,,,,,,,,
49031,Piute,UT,25,,,,,,,,
49033,Rich,UT,25,,,,,,,,
49035,Salt Lake,UT,25,,,,,,,,
49037,San Juan,UT,25,,,,,,,,
49039,Sanpete,UT,25,,,,,,,,
49041,Sevier,UT,25,,,,,,,,
49043,Summit,UT,25,,,,,,,,
49045,Tooele,UT,25,,,,,,,,
49047,Uintah,UT,25,,,,,,,,
49049,Utah,UT,25,,,,,,,,
49051,Wasatch,UT,25,,,,,,,,
49053,Washington,UT,25,,,,,,,,
49055,Wayne,UT,25,,,,,,,,
49057,Weber,UT,25,,,,,,,,
50001,Addison,VT,7,,,,,,,,
50003,Bennington,VT,7,,,,,,,,
50005,Caledonia,VT,7,,,,,,,,
50007,Chittenden,VT,7,,,,,,,,
50009,Essex,VT,7,,,,,,,,
50011,Franklin,VT,7,,,,,,,,
50013,Grand Isle,VT,7,,,,,,,,
50015,Lamoille,VT,7,,,,,,,,
50017,Orange,VT,7,,,,,,,,
50019,Orleans,VT,7,,,,,,,,
50021,Rutland,VT,7,,,,,,,,
50023,Washington,VT,7,,,,,,,,
50025,Windham,VT,7,,,,,,,,
50027,Windsor,VT,7,,,,,,,,
51001,Accomack,VA,12,,,,,,,,
51003,Albemarle,VA,12,,,,,,,,
51005,Alleghany,VA,12,,,,,,,,
51007,Amelia,VA,12,,,,,,,,
51009,Amherst,VA,12,,,,,,,,
51011,Appomattox,VA,12,,,,,,,,
51013,Arlington,VA,12,,,,,,,,
51015,Augusta,VA,12,,,,,,,,
51017,Bath,VA,12,,,,,,,,
51019,Bedford,VA,12,,,,,,,,
51021,Bland,VA,12,,,,,,,,
51023,Botetourt,VA,12,,,,,,,,
51025,Brunswick,VA,12,,,,,,,,
51027,Buchanan,VA,12,,,,,,,,
51029,Buckingham,VA,12,,,,,,,,
51031,Campbell,VA,12,,,,,,,,
51033,Caroline,VA,12,,,,,,,,
51035,Carroll,VA,12,,,,,,,,
51036,Charles City,VA,12,,,,,,,,
51037,Charlotte,VA,12,,,,,,,,
51041,Chesterfield,VA,12,,,,,,,,
51043,Clarke,VA,12,,,,,,,,
51045,Craig,VA,12,,,,,,,,
51047,Culpeper,VA,12,,,,,,,,
51049,Cumberland,VA,12,,,,,,,,
51051,Dickenson,VA,12,,,,,,,,
51053,Dinwiddie,VA,12,,,,,,,,
51057,Essex,VA,12,,,,,,,,
51059,Fairfax,VA,12,,,,,,,,
51061,Fauquier,VA,12,,,,,,,,
51063,Floyd,VA,12,,,,,,,,
51065,Fluvanna,VA,12,,,,,,,,
51067,Franklin,VA,12,,,,,,,,
51069,Frederick,VA,12,,,,,,,,
51071,Giles,VA,12,,,,,,,,
51073,Gloucester,VA,12,,,,,,,,
51075,Goochland,VA,12,,,,,,,,
51077,Grayson,VA,12,,,,,,,,
51079,Greene,VA,12,,,,,,,,
51081,Greensville,VA,12,,,,,,,,
51083,Halifax,VA,12,,,,,,,,
51085,Hanover,VA,12,,,,,,,,
51087,Henrico,VA,12,,,,,,,,
51089,Henry,VA,12,,,,,,,,
51091,Highland,VA,12,,,,,,,,
51093,Isle of Wight,VA,12,,,,,,,,
51095,James City,VA,12,,,,,,,,
51097,King and Queen,VA,12,,,,,,,,
51099,King George,VA,12,,,,,,,,
51101,King William,VA,12,,,,,,,,
51103,Lancaster,VA,12,,,,,,,,
51105,Lee,VA,12,,,,,,,,
51107,Loudoun,VA,12,,,,,,,,
51109,Louisa,VA,12,,,,,,,,
51111,Lunenburg,VA,12,,,,,,,,
51113,Madison,VA,12,,,,,,,,
51115,Mathews,VA,12,,,,,,,,
51117,Mecklenburg,VA,12,,,,,,,,
51119,Middlesex,VA,12,,,,,,,,
51121,Montgomery,VA,12,,,,,,,,
51125,Nelson,VA,12,,,,,,,,
51127,New Kent,VA,12,,,,,,,,
51131,Northampton,VA,12,,,,,,,,
51133,Northumberland,VA,12,,,,,,,,
51135,Nottoway,VA,12,,,,,,,,
51137,Orange,VA,12,,,,,,,,
51139,Page,VA,12,,,,,,,,
51141,Patrick,VA,12,,,,,,,,
51143,Pittsylvania,VA,12,,,,,,,,
51145,Powhatan,VA,12,,,,,,,,
51147,Prince Edward,VA,12,,,,,,,,
51149,Prince George,VA,12,,,,,,,,
51153,Prince William,VA,12,,,,,,,,
51155,Pulaski,VA,12,,,,,,,,
51157,Rappahannock,VA,12,,,,,,,,
51159,Richmond,VA,12,,,,,,,,
51161,Roanoke,VA,12,,,,,,,,
51163,Rockbridge,VA,12,,,,,,,,
51165,Rockingham,VA,12,,,,,,,,
51167,Russell,VA,12,,,,,,,,
51169,Scott,VA,12,,,,,,,,
51171,Shenandoah,VA,12,,,,,,,,
51173,Smyth,VA,12,,,,,,,,
51175,Southampton,VA,12,,,,,,,,
51177,Spotsylvania,VA,12,,,,,,,,
51179,Stafford,VA,12,,,,,,,,
51181,Surry,VA,12,,,,,,,,
51183,Sussex,VA,12,,,,,,,,
51185,Tazewell,VA,12,,,,,,,,
51187,Warren,VA,12,,,,,,,,
51191,Washington,VA,12,,,,,,,,
51193,Westmoreland,VA,12,,,,,,,,
51195,Wise,VA,12,,,,,,,,
51197,Wythe,VA,12,,,,,,,,
51199,York,VA,12,,,,,,,,
51510,Alexandria,VA,12,,,,,,,,
51520,Bristol,VA,12,,,,,,,,
51530,Buena Vista,VA,12,,,,,,,,
51540,Charlottesville,VA,12,,,,,,,,
51550,Chesapeake,VA,12,,,,,,,,
51570,Colonial Heights,VA,12,,,,,,,,
51590,Danville,VA,12,,,,,,,,
51610,Falls Church,VA,12,,,,,,,,
51630,Fredericksburg,VA,12,,,,,,,,
51640,Galax,VA,12,,,,,,,,
51650,Hampton,VA,12,,,,,,,,
51660,Harrisonburg,VA,12,,,,,,,,
51670,Hopewell,VA,12,,,,,,,,
51680,Lynchburg,VA,12,,,,,,,,
51683,Manassas,VA,12,,,,,,,,
51700,Newport News,VA,12,,,,,,,,
51710,Norfolk,VA,12,,,,,,,,
51720,Norton,VA,12,,,,,,,,
51730,Petersburg,VA,12,,,,,,,,
51735,Poquoson,VA,12,,,,,,,,
51740,Portsmouth,VA,12,,,,,,,,
51750,Radford,VA,12,,,,,,,,
51760,Richmond,VA,12,,,,,,,,
51770,Roanoke,VA,12,,,,,,,,
51775,Salem,VA,12,,,,,,,,
51790,Staunton,VA,12,,,,,,,,
51800,Suffolk,VA,12,,,,,,,,
51810,Virginia Beach,VA,12,,,,,,,,
51820,Waynesboro,VA,12,,,,,,,,
51830,Williamsburg,VA,12,,,,,,,,
51840,Winchester,VA,12,,,,,,,,
53001,Adams,WA,5,,,,,,,,
53003,Asotin,WA,5,,,,,,,,
53005,Benton,WA,5,,,,,,,,
53007,Chelan,WA,5,,,,,,,,
53009,Clallam,WA,5,,,,,,,,
53011,Clark,WA,5,,,,,,,,
53013,Columbia,WA,5,,,,,,,,
53015,Cowlitz,WA,5,,,,,,,,
53017,Douglas,WA,5,,,,,,,,
53019,Ferry,WA,5,,,,,,,,
53021,Franklin,WA,5,,,,,,,,
53023,Garfield,WA,5,,,,,,,,
53025,Grant,WA,5,,,,,,,,
53027,Grays Harbor,WA,5,,,,,,,,
53029,Island,WA,5,,,,,,,,
53031,Jefferson,WA,5,,,,,,,,
53033,King,WA,5,,,,,,,,
53035,Kitsap,WA,5,,,,,,,,
53037,Kittitas,WA,5,,,,,,,,
53039,Klickitat,WA,5,,,,,,,,
53041,Lewis,WA,5,,,,,,,,
53043,Lincoln,WA,5,,,,,,,,
53045,Mason,WA,5,,,,,,,,
53047,Okanogan,WA,5,,,,,,,,
53049,Pacific,WA,5,,,,,,,,
53051,Pend Oreille,WA,5,,,,,,,,
53053,Pierce,WA,5,,,,,,,,
53055,San Juan,WA,5,,,,,,,,
53057,Skagit,WA,5,,,,,,,,
53059,Skamania,WA,5,,,,,,,,
53061,Snohomish,WA,5,,,,,,,,
53063,Spokane,WA,5,,,,,,,,
53065,Stevens,WA,5,,,,,,,,
53067,Thurston,WA,5,,,,,,,,
53069,Wahkiakum,WA,5,,,,,,,,
53071,Walla Walla,WA,5,,,,,,,,
53073,Whatcom,WA,5,,,,,,,,
53075,Whitman,WA,5,,,,,,,,
53077,Yakima,WA,5,,,,,,,,
54001,Barbour,WV,6,,,,,,,,
54003,Berkeley,WV,6,,,,,,,,
54005,Boone,WV,6,,,,,,,,
54007,Braxton,WV,6,,,,,,,,
54009,Brooke,WV,6,,,,,,,,
54011,Cabell,WV,6,,,,,,,,
54013,Calhoun,WV,6,,,,,,,,
54015,Clay,WV,6,,,,,,,,
54017,Doddridge,WV,6,,,,,,,,
54019,Fayette,WV,6,,,,,,,,
54021,Gilmer,WV,6,,,,,,,,
54023,Grant,WV,6,,,,,,,,
54025,Greenbrier,WV,6,,,,,,,,
54027,Hampshire,WV,6,,,,,,,,
54029,Hancock,WV,6,,,,,,,,
54031,Hardy,WV,6,,,,,,,,
54033,Harrison,WV,6,,,,,,,,
54035,Jackson,WV,6,,,,,,,,
54037,Jefferson,WV,6,,,,,,,,
54039,Kanawha,WV,6,,,,,,,,
54041,Lewis,WV,6,,,,,,,,
54043,Lincoln,WV,6,,,,,,,,
54045,Logan,WV,6,,,,,,,,
54047,McDowell,WV,6,,,,,,,,
54049,Marion,WV,6,,,,,,,,
54051,Marshall,WV,6,,,,,,,,
54053,Mason,WV,6,,,,,,,,
54055,Mercer,WV,6,,,,,,,,
54057,Mineral,WV,6,,,,,,,,
54059,Mingo,WV,6,,,,,,,,
54061,Monongalia,WV,6,,,,,,,,
54063,Monroe,WV,6,,,,,,,,
54065,Morgan,WV,6,,,,,,,,
54067,Nicholas,WV,6,,,,,,,,
54069,Ohio,WV,6,,,,,,,,
54071,Pendleton,WV,6,,,,,,,,
54073,Pleasants,WV,6,,,,,,,,
54075,Pocahontas,WV,6,,,,,,,,
54077,Preston,WV,6,,,,,,,,
54079,Putnam,WV,6,,,,,,,,
54081,Raleigh,WV,6,,,,,,,,
54083,Randolph,WV,6,,,,,,,,
54085,Ritchie,WV,6,,,,,,,,
54087,Roane,WV,6,,,,,,,,
54089,Summers,WV,6,,,,,,,,
54091,Taylor,WV,6,,,,,,,,
54093,Tucker,WV,6,,,,,,,,
54095,Tyler,WV,6,,,,,,,,
54097,Upshur,WV,6,,,,,,,,
54099,Wayne,WV,6,,,,,,,,
54101,Webster,WV,6,,,,,,,,
54103,Wetzel,WV,6,,,,,,,,
54105,Wirt,WV,6,,,,,,,,
54107,Wood,WV,6,,,,,,,,
54109,Wyoming,WV,6,,,,,,,,
55001,Adams,WI,7,,,,,,,,
55003,Ashland,WI,7,,,,,,,,
55005,Barron,WI,7,,,,,,,,
55007,Bayfield,WI,7,,,,,,,,
55009,Brown,WI,7,,,,,,,,
55011,Buffalo,WI,7,,,,,,,,
55013,Burnett,WI,7,,,,,,,,
55015,Calumet,WI,7,,,,,,,,
55017,Chippewa,WI,7,,,,,,,,
55019,Clark,WI,7,,,,,,,,
55021,Columbia,WI,7,,,,,,,,
55023,Crawford,WI,7,,,,,,,,
55025,Dane,WI,7,,,,,,,,
55027,Dodge,WI,7,,,,,,,,
55029,Door,WI,7,,,,,,,,
55031,Douglas,WI,7,,,,,,,,
55033,Dunn,WI,7,,,,,,,,
55035,Eau Claire,WI,7,,,,,,,,
55037,Florence,WI,7,,,,,,,,
55039,Fond du Lac,WI,7,,,,,,,,
55041,Forest,WI,7,,,,,,,,
55043,Grant,WI,7,,,,,,,,
55045,Green,WI,7,,,,,,,,
55047,Green Lake,WI,7,,,,,,,,
55049,Iowa,WI,7,,,,,,,,
55051,Iron,WI,7,,,,,,,,
55053,Jackson,WI,7,,,,,,,,
55055,Jefferson,WI,7,,,,,,,,
55057,Juneau,WI,7,,,,,,,,
55059,Kenosha,WI,7,,,,,,,,
55061,Kewaunee,WI,7,,,,,,,,
55063,La Crosse,WI,7,,,,,,,,
55065,Lafayette,WI,7,,,,,,,,
55067,Langlade,WI,7,,,,,,,,
55069,Lincoln,WI,7,,,,,,,,
55071,Manitowoc,WI,7,,,,,,,,
55073,Marathon,WI,7,,,,,,,,
55075,Marinette,WI,7,,,,,,,,
55077,Marquette,WI,7,,,,,,,,
55078,Menominee,WI,7,,,,,,,,
55079,Milwaukee,WI,7,,,,,,,,
55081,Monroe,WI,7,,,,,,,,
55083,Oconto,WI,7,,,,,,,,
55085,Oneida,WI,7,,,,,,,,
55087,Outagamie,WI,7,,,,,,,,
55089,Ozaukee,WI,7,,,,,,,,
55091,Pepin,WI,7,,,,,,,,
55093,Pierce,WI,7,,,,,,,,
55095,Polk,WI,7,,,,,,,,
55097,Portage,WI,7,,,,,,,,
55099,Price,WI,7,,,,,,,,
55101,Racine,WI,7,,,,,,,,
55103,Richland,WI,7,,,,,,,,
55105,Rock,WI,7,,,,,,,,
55107,Rusk,WI,7,,,,,,,,
55109,St. Croix,WI,7,,,,,,,,
55111,Sauk,WI,7,,,,,,,,
55113,Sawyer,WI,7,,,,,,,,
55115,Shawano,WI,7,,,,,,,,
55117,Sheboygan,WI,7,,,,,,,,
55119,Taylor,WI,7,,,,,,,,
55121,Trempealeau,WI,7,,,,,,,,
55123,Vernon,WI,7,,,,,,,,
55125,Vilas,WI,7,,,,,,,,
55127,Walworth,WI,7,,,,,,,,
55129,Washburn,WI,7,,,,,,,,
55131,Washington,WI,7,,,,,,,,
55133,Waukesha,WI,7,,,,,,,,
55135,Waupaca,WI,7,,,,,,,,
55137,Waushara,WI,7,,,,,,,,
55139,Winnebago,WI,7,,,,,,,,
55141,Wood,WI,7,,,,,,,,
56001,Albany,WY,25,,,,,,,,
56003,Big Horn,WY,25,,,,,,,,
56005,Campbell,WY,25,,,,,,,,
56007,Carbon,WY,25,,,,,,,,
56009,Converse,WY,25,,,,,,,,
56011,Crook,WY,25,,,,,,,,
56013,Fremont,WY,25,,,,,,,,
56015,Goshen,WY,25,,,,,,,,
56017,Hot Springs,WY,25,,,,,,,,
56019,Johnson,WY,25,,,,,,,,
56021,Laramie,WY,25,,,,,,,,
56023,Lincoln,WY,25,,,,,,,,
56025,Natrona,WY,25,,,,,,,,
56027,Niobrara,WY,25,,,,,,,,
56029,Park,WY,25,,,,,,,,
56031,Platte,WY,25,,,,,,,,
56033,Sheridan,WY,25,,,,,,,,
56035,Sublette,WY,25,,,,,,,,
56037,Sweetwater,WY,25,,,,,,,,
56039,Teton,WY,25,,,,,,,,
56041,Uinta,WY,25,,,,,,,,
56043,Washakie,WY,25,,,,,,,,
56045,Weston,WY,25,,,,,,,,
